Code,Name,Name KH,Category Code,Unit ID,Cost,Price,Alert Quantity, Tax Rate Name,Tax Method,Subcategory Code,Product Variants Separated by |,Supplier1(No),Supplier2(No),Supplier3(No),Supplier4(No),Supplier5(No),Custom Field 1,Custom Field 2,Custom Field 3,Custom Field 4,Custom Field 5,Custom Field 6,Image,Type(standard or service)
1,sdfsdfsdfs,sdfsskh,C0005,3,0.18,0.25,, No Tax, exclusive, SC1,,,,,,,,,,,,,,standard
2,sdfsdfsdfs,sdfsskh,C0005,4,1.5,2,,,,,,,,,,,,,,,,,,standard
3,sdfsdfsdfs,sdfsskh,C0005,5,2,3.75,,,,,,,,,,,,,,,,,,standard
4,sdfsdfsdfs,sdfsskh,C0005,5,0,7.5,,,,,,,,,,,,,,,,,,standard
5,sdfsdfsdfs,sdfsskh,C0005,5,0,6.25,,,,,,,,,,,,,,,,,,standard
6,sdfsdfsdfs,sdfsskh,C0005,5,0,6.25,,,,,,,,,,,,,,,,,,standard
7,sdfsdfsdfs,sdfsskh,C0005,5,0.7,2,,,,,,,,,,,,,,,,,,standard
8,sdfsdfsdfs,sdfsskh,C0005,5,1.2,2,,,,,,,,,,,,,,,,,,standard
9,sdfsdfsdfs,sdfsskh,C0005,5,0.85,1.5,,,,,,,,,,,,,,,,,,standard
10,sdfsdfsdfs,sdfsskh,C0005,5,0.75,1.25,,,,,,,,,,,,,,,,,,standard
11,sdfsdfsdfs,sdfsskh,C0005,6,0.43,0.55,,,,,,,,,,,,,,,,,,standard
12,sdfsdfsdfs,sdfsskh,C0003,6,1.63,2.25,,,,,,,,,,,,,,,,,,standard
13,sdfsdfsdfs,sdfsskh,C0003,6,0,0,,,,,,,,,,,,,,,,,,standard
14,sdfsdfsdfs,sdfsskh,C0003,6,0.88,1.25,,,,,,,,,,,,,,,,,,standard
15,sdfsdfsdfs,sdfsskh,C0003,6,0.5,0.7,,,,,,,,,,,,,,,,,,standard
16,sdfsdfsdfs,sdfsskh,C0003,6,0,0,,,,,,,,,,,,,,,,,,standard
17,sdfsdfsdfs,sdfsskh,C0003,6,0.25,0.5,,,,,,,,,,,,,,,,,,standard
18,sdfsdfsdfs,sdfsskh,C0003,6,0.4,0.55,,,,,,,,,,,,,,,,,,standard
19,sdfsdfsdfs,sdfsskh,C0003,6,1.88,3,,,,,,,,,,,,,,,,,,standard
20,sdfsdfsdfs,sdfsskh,C0003,6,1.5,0.5,,,,,ដប=1_1.5 ​​|ប្រអប់=2_2.8,,,,,,,,,,,,,standard
21,sdfsdfsdfs,sdfsskh,C0003,6,0.67,1,,,,,,,,,,,,,,,,,,standard
22,sdfsdfsdfs,sdfsskh,C0003,6,0.63,1,,,,,,,,,,,,,,,,,,standard
23,sdfsdfsdfs,sdfsskh,C0003,6,0.38,0.5,,,,,,,,,,,,,,,,,,standard
24,sdfsdfsdfs,sdfsskh,C0003,6,11.48,13.75,,,,,,,,,,,,,,,,,,standard
25,sdfsdfsdfs,sdfsskh,C0003,6,5.04,6.1,,,,,,,,,,,,,,,,,,standard
26,sdfsdfsdfs,sdfsskh,C0003,6,2.52,3.1,,,,,,,,,,,,,,,,,,standard
27,sdfsdfsdfs,sdfsskh,C0003,6,10.36,11.5,,,,,,,,,,,,,,,,,,standard
28,sdfsdfsdfs,sdfsskh,C0003,6,4.48,5.2,,,,,,,,,,,,,,,,,,standard
29,sdfsdfsdfs,sdfsskh,C0003,6,2.24,2.75,,,,,,,,,,,,,,,,,,standard
30,sdfsdfsdfs,sdfsskh,C0003,7,1.6,3,,,,,,,,,,,,,,,,,,standard
31,sdfsdfsdfs,sdfsskh,C0003,7,0.56,1,,,,,,,,,,,,,,,,,,standard
32,sdfsdfsdfs,sdfsskh,C0003,8,0.12,0.25,,,,,ដុំ=1_0.25 |ប្រអប់=24_5.8,,,,,,,,,,,,,standard
33,sdfsdfsdfs,sdfsskh,C0003,7,0.56,1,,,,,,,,,,,,,,,,,,standard
34,sdfsdfsdfs,sdfsskh,C0003,7,0.32,0.6,,,,,,,,,,,,,,,,,,standard
35,sdfsdfsdfs,sdfsskh,C0003,7,0.25,0.4,,,,,,,,,,,,,,,,,,standard
36,sdfsdfsdfs,sdfsskh,C0003,7,3.75,4,,,,,,,,,,,,,,,,,,standard
37,sdfsdfsdfs,sdfsskh,C0003,7,4.13,4.5,,,,,,,,,,,,,,,,,,standard
38,sdfsdfsdfs,sdfsskh,C0003,7,1.2,1.5,,,,,កញ្ចប់=1_1.5|គីឡូ=2_3,,,,,,,,,,,,,standard
39,sdfsdfsdfs,sdfsskh,C0003,12,0.85,1.1,,,,,កំប៉ុង=1_1.1 |កេស=24_22.5,,,,,,,,,,,,,standard
40,sdfsdfsdfs,sdfsskh,C0003,7,4.65,5.5,,,,,,,,,,,,,,,,,,standard
41,sdfsdfsdfs,sdfsskh,C0003,7,0.69,1.15,,,,,កញ្ចប់=1_1.15|គីឡូ=2_1.7,,,,,,,,,,,,,standard
42,sdfsdfsdfs,sdfsskh,C0003,7,0.6,1.15,,,,,,,,,,,,,,,,,,standard
43,sdfsdfsdfs,sdfsskh,C0003,12,0.1,0.4,,,,,កំប៉ុង=1_0.4|គីឡូ=10_2,,,,,,,,,,,,,standard
44,sdfsdfsdfs,sdfsskh,C0003,12,0.3,0.4,,,,,គីឡូ=1_0.4|គីឡូ=7_2.3,,,,,,,,,,,,,standard
45,sdfsdfsdfs,sdfsskh,C0003,12,1.5,2.25,,,,,,,,,,,,,,,,,,standard
46,sdfsdfsdfs,sdfsskh,C0003,7,16,22,,,,,,,,,,,,,,,,,,standard
47,sdfsdfsdfs,sdfsskh,C0003,7,0.4,1,,,,,,,,,,,,,,,,,,standard
48,sdfsdfsdfs,sdfsskh,C0003,7,0,1.65,,,,,,,,,,,,,,,,,,standard
49,sdfsdfsdfs,sdfsskh,C0003,7,0.75,0.9,,,,,,,,,,,,,,,,,,standard
50,sdfsdfsdfs,sdfsskh,C0003,7,1.7,1.8,,,,,,,,,,,,,,,,,,standard
51,sdfsdfsdfs,sdfsskh,C0003,7,0.47,0.65,,,,,,,,,,,,,,,,,,standard
52,sdfsdfsdfs,sdfsskh,C0006,7,12.5,15,,,,,,,,,,,,,,,,,,standard
53,sdfsdfsdfs,sdfsskh,C0006,7,0,0,,,,,,,,,,,,,,,,,,standard
54,sdfsdfsdfs,sdfsskh,C0006,7,0,0,,,,,,,,,,,,,,,,,,standard
55,sdfsdfsdfs,sdfsskh,C0006,7,19.25,22,,,,,,,,,,,,,,,,,,standard
56,sdfsdfsdfs,sdfsskh,C0006,7,0,0,,,,,,,,,,,,,,,,,,standard
57,sdfsdfsdfs,sdfsskh,C0006,7,0,0,,,,,,,,,,,,,,,,,,standard
58,sdfsdfsdfs,sdfsskh,C0006,7,0,22,,,,,,,,,,,,,,,,,,standard
59,sdfsdfsdfs,sdfsskh,C0006,7,8,9.5,,,,,,,,,,,,,,,,,,standard
60,sdfsdfsdfs,sdfsskh,C0006,7,4.1,5,,,,,,,,,,,,,,,,,,standard
61,sdfsdfsdfs,sdfsskh,C0006,7,16.5,19,,,,,,,,,,,,,,,,,,standard
62,sdfsdfsdfs,sdfsskh,C0006,7,7,10,,,,,,,,,,,,,,,,,,standard
63,sdfsdfsdfs,sdfsskh,C0006,7,3.5,5,,,,,,,,,,,,,,,,,,standard
64,sdfsdfsdfs,sdfsskh,C0003,7,0.45,0.5,,,,,,,,,,,,,,,,,,standard
65,sdfsdfsdfs,sdfsskh,C0003,7,0.12,0.2,,,,,,,,,,,,,,,,,,standard
66,sdfsdfsdfs,sdfsskh,C0003,6,0.43,0.65,,,,,,,,,,,,,,,,,,standard
67,sdfsdfsdfs,sdfsskh,C0003,7,1,1.2,,,,,,,,,,,,,,,,,,standard
68,sdfsdfsdfs,sdfsskh,C0003,5,1,1.2,,,,,,,,,,,,,,,,,,standard
69,sdfsdfsdfs,sdfsskh,C0003,12,1,1.25,,,,,,,,,,,,,,,,,,standard
70,sdfsdfsdfs,sdfsskh,C0005,7,3.75,4.75,,,,,,,,,,,,,,,,,,standard
71,sdfsdfsdfs,sdfsskh,C0005,7,3.75,4.75,,,,,,,,,,,,,,,,,,standard
72,sdfsdfsdfs,sdfsskh,C0005,7,1.7,2,,,,,,,,,,,,,,,,,,standard
73,sdfsdfsdfs,sdfsskh,C0005,7,1.4,1.8,,,,,,,,,,,,,,,,,,standard
74,sdfsdfsdfs,sdfsskh,C0005,7,1.7,2,,,,,,,,,,,,,,,,,,standard
75,sdfsdfsdfs,sdfsskh,C0005,7,2.6,3,,,,,,,,,,,,,,,,,,standard
76,sdfsdfsdfs,sdfsskh,C0005,7,2.6,3,,,,,,,,,,,,,,,,,,standard
77,sdfsdfsdfs,sdfsskh,C0005,1,14,16,,,,,,,,,,,,,,,,,,standard
78,sdfsdfsdfs,sdfsskh,C0005,1,14,16,,,,,,,,,,,,,,,,,,standard
79,sdfsdfsdfs,sdfsskh,C0005,1,10.5,12.5,,,,,,,,,,,,,,,,,,standard
80,sdfsdfsdfs,sdfsskh,C0004,1,10,12.5,,,,,,,,,,,,,,,,,,standard
81,sdfsdfsdfs,sdfsskh,C0007,1,3.5,5.5,,,,,,,,,,,,,,,,,,standard
82,sdfsdfsdfs,sdfsskh,C0007,1,2.5,4.75,,,,,,,,,,,,,,,,,,standard
83,sdfsdfsdfs,sdfsskh,C0007,1,2.75,4.75,,,,,,,,,,,,,,,,,,standard
84,sdfsdfsdfs,sdfsskh,C0007,1,4.25,6,,,,,,,,,,,,,,,,,,standard
85,sdfsdfsdfs,sdfsskh,C0007,1,2.5,4.75,,,,,,,,,,,,,,,,,,standard
86,sdfsdfsdfs,sdfsskh,C0009,1,6.75,8.25,,,,,,,,,,,,,,,,,,standard
87,sdfsdfsdfs,sdfsskh,C0009,1,0,8.25,,,,,,,,,,,,,,,,,,standard
88,sdfsdfsdfs,sdfsskh,C0008,1,0,0,,,,,,,,,,,,,,,,,,standard
89,sdfsdfsdfs,sdfsskh,C0008,1,0,0,,,,,,,,,,,,,,,,,,standard
90,sdfsdfsdfs,sdfsskh,C0008,1,3,7,,,,,,,,,,,,,,,,,,standard
91,sdfsdfsdfs,sdfsskh,C0008,1,3,7,,,,,,,,,,,,,,,,,,standard
92,sdfsdfsdfs,sdfsskh,C0008,1,3.75,8,,,,,,,,,,,,,,,,,,standard
93,sdfsdfsdfs,sdfsskh,C0008,1,3.25,8,,,,,,,,,,,,,,,,,,standard
94,sdfsdfsdfs,sdfsskh,C0008,1,3,6.5,,,,,,,,,,,,,,,,,,standard
95,sdfsdfsdfs,sdfsskh,C0008,1,5.25,8,,,,,,,,,,,,,,,,,,standard
96,sdfsdfsdfs,sdfsskh,C0008,1,0,8.5,,,,,,,,,,,,,,,,,,standard
97,sdfsdfsdfs,sdfsskh,C0008,1,0,17.5,,,,,,,,,,,,,,,,,,standard
98,sdfsdfsdfs,sdfsskh,C0008,1,6.75,8.75,,,,,,,,,,,,,,,,,,standard
99,sdfsdfsdfs,sdfsskh,C0008,1,0,7,,,,,,,,,,,,,,,,,,standard
100,sdfsdfsdfs,sdfsskh,C0008,1,4.75,8,,,,,,,,,,,,,,,,,,standard
101,sdfsdfsdfs,sdfsskh,C0008,1,10.5,13.75,,,,,,,,,,,,,,,,,,standard
102,sdfsdfsdfs,sdfsskh,C0008,1,10.5,15,,,,,,,,,,,,,,,,,,standard
103,sdfsdfsdfs,sdfsskh,C0008,1,10,17.5,,,,,,,,,,,,,,,,,,standard
104,sdfsdfsdfs,sdfsskh,C0008,1,0,8,,,,,,,,,,,,,,,,,,standard
105,sdfsdfsdfs,sdfsskh,C0008,7,2.4,3.75,,,,,,,,,,,,,,,,,,standard
106,sdfsdfsdfs,sdfsskh,C0008,1,0,8.5,,,,,,,,,,,,,,,,,,standard
107,sdfsdfsdfs,sdfsskh,C0008,1,0,8,,,,,,,,,,,,,,,,,,standard
108,sdfsdfsdfs,sdfsskh,C0008,1,0,10,,,,,,,,,,,,,,,,,,standard
109,sdfsdfsdfs,sdfsskh,C0005,5,1.15,2.5,,,,,,,,,,,,,,,,,,standard
110,sdfsdfsdfs,sdfsskh,C0005,5,0.9,1.5,,,,,,,,,,,,,,,,,,standard
111,sdfsdfsdfs,sdfsskh,C0005,5,0,2.75,,,,,,,,,,,,,,,,,,standard
112,sdfsdfsdfs,sdfsskh,C0005,5,0,1,,,,,,,,,,,,,,,,,,standard
113,sdfsdfsdfs,sdfsskh,C0005,5,0,2,,,,,,,,,,,,,,,,,,standard
114,sdfsdfsdfs,sdfsskh,C0005,5,0,2,,,,,,,,,,,,,,,,,,standard
115,sdfsdfsdfs,sdfsskh,C0005,5,0,0.5,,,,,,,,,,,,,,,,,,standard
116,sdfsdfsdfs,sdfsskh,C0005,4,4.5,5,,,,,,,,,,,,,,,,,,standard
117,sdfsdfsdfs,sdfsskh,C0005,7,0,11.25,,,,,,,,,,,,,,,,,,standard
118,sdfsdfsdfs,sdfsskh,C0005,7,0,2.5,,,,,,,,,,,,,,,,,,standard
119,sdfsdfsdfs,sdfsskh,C0005,7,0,11.25,,,,,,,,,,,,,,,,,,standard
120,sdfsdfsdfs,sdfsskh,C0005,7,0,2.5,,,,,,,,,,,,,,,,,,standard
121,sdfsdfsdfs,sdfsskh,C0002,9,1.5,3,,,,,,,,,,,,,,,,,,standard
122,sdfsdfsdfs,sdfsskh,C0002,9,2.25,3,,,,,,,,,,,,,,,,,,standard
123,sdfsdfsdfs,sdfsskh,C0002,10,0,4.5,,,,,,,,,,,,,,,,,,standard
124,sdfsdfsdfs,sdfsskh,C0002,1,2,3,,,,,,,,,,,,,,,,,,standard
125,sdfsdfsdfs,sdfsskh,C0002,11,0.7,1.5,,,,,,,,,,,,,,,,,,standard
126,sdfsdfsdfs,sdfsskh,C0002,11,0,2,,,,,,,,,,,,,,,,,,standard
127,sdfsdfsdfs,sdfsskh,C0002,11,0,1.5,,,,,,,,,,,,,,,,,,standard
128,sdfsdfsdfs,sdfsskh,C0002,11,1.95,2.5,,,,,,,,,,,,,,,,,,standard
129,sdfsdfsdfs,sdfsskh,C0002,8,1.4,1.5,,,,,,,,,,,,,,,,,,standard
130,sdfsdfsdfs,sdfsskh,C0002,10,0,10,,,,,,,,,,,,,,,,,,standard
131,sdfsdfsdfs,sdfsskh,C0002,10,7.5,10,,,,,,,,,,,,,,,,,,standard
132,sdfsdfsdfs,sdfsskh,C0002,1,1.38,2,,,,,,,,,,,,,,,,,,standard
133,sdfsdfsdfs,sdfsskh,C0002,1,0.7,1.2,,,,,,,,,,,,,,,,,,standard
134,sdfsdfsdfs,sdfsskh,C0005,5,9,12,,,,,,,,,,,,,,,,,,standard
135,sdfsdfsdfs,sdfsskh,C0005,7,0,0,,,,,,,,,,,,,,,,,,standard
136,sdfsdfsdfs,sdfsskh,C0001,1,0.45,1,,,,,,,,,,,,,,,,,,standard
137,sdfsdfsdfs,sdfsskh,C0001,1,0.45,1,,,,,,,,,,,,,,,,,,standard
138,sdfsdfsdfs,sdfsskh,C0001,1,1.75,3,,,,,,,,,,,,,,,,,,standard
139,sdfsdfsdfs,sdfsskh,C0001,1,1,1.5,,,,,,,,,,,,,,,,,,standard
140,sdfsdfsdfs,sdfsskh,C0001,1,0,1.5,,,,,,,,,,,,,,,,,,standard
141,sdfsdfsdfs,sdfsskh,C0001,1,0.4,0.5,,,,,,,,,,,,,,,,,,standard
142,sdfsdfsdfs,sdfsskh,C0001,1,0.45,1,,,,,,,,,,,,,,,,,,standard
143,sdfsdfsdfs,sdfsskh,C0001,1,0.5,1.1,,,,,,,,,,,,,,,,,,standard
144,sdfsdfsdfs,sdfsskh,C0001,1,0.5,1,,,,,,,,,,,,,,,,,,standard
145,sdfsdfsdfs,sdfsskh,C0001,1,1.13,1.2,,,,,,,,,,,,,,,,,,standard
146,sdfsdfsdfs,sdfsskh,C0001,1,0.75,1.5,,,,,,,,,,,,,,,,,,standard
147,sdfsdfsdfs,sdfsskh,C0001,1,0,0,,,,,,,,,,,,,,,,,,standard
148,sdfsdfsdfs,sdfsskh,C0001,1,0.75,1,,,,,,,,,,,,,,,,,,standard
149,sdfsdfsdfs,sdfsskh,C0001,1,0.25,0.5,,,,,,,,,,,,,,,,,,standard
150,sdfsdfsdfs,sdfsskh,C0001,1,0.88,1.7,,,,,,,,,,,,,,,,,,standard
151,sdfsdfsdfs,sdfsskh,C0001,1,0.5,2.2,,,,,,,,,,,,,,,,,,standard
152,sdfsdfsdfs,sdfsskh,C0001,1,1.25,2.5,,,,,,,,,,,,,,,,,,standard
153,sdfsdfsdfs,sdfsskh,C0001,1,0,3,,,,,,,,,,,,,,,,,,standard
154,sdfsdfsdfs,sdfsskh,C0001,1,0.88,2,,,,,,,,,,,,,,,,,,standard
155,sdfsdfsdfs,sdfsskh,C0001,7,0.35,0.5,,,,,,,,,,,,,,,,,,standard
156,sdfsdfsdfs,sdfsskh,C0001,1,0.88,1.5,,,,,,,,,,,,,,,,,,standard
157,sdfsdfsdfs,sdfsskh,C0001,1,0,0,,,,,,,,,,,,,,,,,,standard
158,sdfsdfsdfs,sdfsskh,C0001,7,0,0,,,,,,,,,,,,,,,,,,standard
159,sdfsdfsdfs,sdfsskh,C0001,7,0.5,2,,,,,កញ្ចប់=1_2|គីឡូ=2_1.4,,,,,,,,,,,,,standard
160,sdfsdfsdfs,sdfsskh,C0001,7,1.65,2.5,,,,,,,,,,,,,,,,,,standard
161,sdfsdfsdfs,sdfsskh,C0001,1,0,2.75,,,,,,,,,,,,,,,,,,standard
162,sdfsdfsdfs,sdfsskh,C0001,1,1.75,3,,,,,,,,,,,,,,,,,,standard
163,sdfsdfsdfs,sdfsskh,C0001,1,0,1.5,,,,,,,,,,,,,,,,,,standard
164,sdfsdfsdfs,sdfsskh,C0001,7,0.15,0.5,,,,,,,,,,,,,,,,,,standard
165,sdfsdfsdfs,sdfsskh,C0001,7,0.2,0.5,,,,,,,,,,,,,,,,,,standard
166,sdfsdfsdfs,sdfsskh,C0001,7,0.3,1,,,,,,,,,,,,,,,,,,standard
167,sdfsdfsdfs,sdfsskh,C0001,7,0.88,1,,,,,,,,,,,,,,,,,,standard
168,sdfsdfsdfs,sdfsskh,C0001,7,0.3,0.75,,,,,,,,,,,,,,,,,,standard
169,sdfsdfsdfs,sdfsskh,C0001,7,0.15,0.5,,,,,,,,,,,,,,,,,,standard
170,sdfsdfsdfs,sdfsskh,C0001,7,0.2,0.75,,,,,,,,,,,,,,,,,,standard
171,sdfsdfsdfs,sdfsskh,C0001,7,0.2,0.5,,,,,,,,,,,,,,,,,,standard
172,sdfsdfsdfs,sdfsskh,C0001,7,0.4,0.75,,,,,,,,,,,,,,,,,,standard
173,sdfsdfsdfs,sdfsskh,C0001,7,0.4,0.75,,,,,,,,,,,,,,,,,,standard
174,sdfsdfsdfs,sdfsskh,C0001,7,0.1,0.2,,,,,,,,,,,,,,,,,,standard
175,sdfsdfsdfs,sdfsskh,C0001,7,0.1,0.2,,,,,,,,,,,,,,,,,,standard
176,sdfsdfsdfs,sdfsskh,C0001,7,0.1,0.2,,,,,,,,,,,,,,,,,,standard
177,sdfsdfsdfs,sdfsskh,C0001,7,0.1,0.2,,,,,,,,,,,,,,,,,,standard
178,sdfsdfsdfs,sdfsskh,C0001,8,0.1,0.15,,,,,,,,,,,,,,,,,,standard
179,sdfsdfsdfs,sdfsskh,C0001,8,0.1,0.15,,,,,,,,,,,,,,,,,,standard
180,sdfsdfsdfs,sdfsskh,C0001,7,0.1,0.25,,,,,,,,,,,,,,,,,,standard
181,sdfsdfsdfs,sdfsskh,C0001,7,0.1,0.25,,,,,,,,,,,,,,,,,,standard
182,sdfsdfsdfs,sdfsskh,C0001,7,0.05,0.2,,,,,,,,,,,,,,,,,,standard
183,sdfsdfsdfs,sdfsskh,C0001,1,2,2.5,,,,,,,,,,,,,,,,,,standard
184,sdfsdfsdfs,sdfsskh,C0001,7,0.03,0.2,,,,,,,,,,,,,,,,,,standard
185,sdfsdfsdfs,sdfsskh,C0001,7,0.4,0.5,,,,,,,,,,,,,,,,,,standard
186,sdfsdfsdfs,sdfsskh,C0001,7,0.4,0.65,,,,,,,,,,,,,,,,,,standard
187,sdfsdfsdfs,sdfsskh,C0001,7,0.4,0.5,,,,,,,,,,,,,,,,,,standard
188,sdfsdfsdfs,sdfsskh,C0001,7,0.5,0.9,,,,,,,,,,,,,,,,,,standard
189,sdfsdfsdfs,sdfsskh,C0001,7,0.88,1.25,,,,,,,,,,,,,,,,,,standard
190,sdfsdfsdfs,sdfsskh,C0001,7,0.65,0.75,,,,,,,,,,,,,,,,,,standard
191,sdfsdfsdfs,sdfsskh,C0001,7,0.4,0.7,,,,,,,,,,,,,,,,,,standard
192,sdfsdfsdfs,sdfsskh,C0001,7,0.4,0.65,,,,,,,,,,,,,,,,,,standard
193,sdfsdfsdfs,sdfsskh,C0001,7,0.35,0.65,,,,,,,,,,,,,,,,,,standard
194,sdfsdfsdfs,sdfsskh,C0001,7,0.35,0.65,,,,,,,,,,,,,,,,,,standard
195,sdfsdfsdfs,sdfsskh,C0001,7,0,0,,,,,,,,,,,,,,,,,,standard
196,sdfsdfsdfs,sdfsskh,C0001,1,0,3,,,,,,,,,,,,,,,,,,standard
197,sdfsdfsdfs,sdfsskh,C0001,1,0,0,,,,,,,,,,,,,,,,,,standard
198,sdfsdfsdfs,sdfsskh,C0001,1,0,2.5,,,,,,,,,,,,,,,,,,standard
199,sdfsdfsdfs,sdfsskh,C0001,1,0,3,,,,,,,,,,,,,,,,,,standard
200,sdfsdfsdfs,sdfsskh,C0001,1,0,1.65,,,,,,,,,,,,,,,,,,standard
201,sdfsdfsdfs,sdfsskh,C0001,7,0.4,0.65,,,,,,,,,,,,,,,,,,standard
202,sdfsdfsdfs,sdfsskh,C0001,7,0.33,0.75,,,,,,,,,,,,,,,,,,standard
203,sdfsdfsdfs,sdfsskh,C0001,9,0.5,0.9,,,,,,,,,,,,,,,,,,standard
204,sdfsdfsdfs,sdfsskh,C0001,9,0.45,0.9,,,,,,,,,,,,,,,,,,standard
205,sdfsdfsdfs,sdfsskh,C0001,7,0.25,0.5,,,,,,,,,,,,,,,,,,standard
206,sdfsdfsdfs,sdfsskh,C0001,7,0.25,0.9,,,,,,,,,,,,,,,,,,standard
207,sdfsdfsdfs,sdfsskh,C0001,7,0.34,0.75,,,,,,,,,,,,,,,,,,standard
208,sdfsdfsdfs,sdfsskh,C0001,7,0,0.75,,,,,,,,,,,,,,,,,,standard
209,sdfsdfsdfs,sdfsskh,C0001,7,0.3,0.5,,,,,,,,,,,,,,,,,,standard
210,sdfsdfsdfs,sdfsskh,C0001,1,0.45,1.25,,,,,,,,,,,,,,,,,,standard
211,sdfsdfsdfs,sdfsskh,C0001,9,0.05,0.1,,,,,,,,,,,,,,,,,,standard
212,sdfsdfsdfs,sdfsskh,C0001,7,0.35,0.5,,,,,,,,,,,,,,,,,,standard
213,sdfsdfsdfs,sdfsskh,C0001,7,5,6.25,,,,,,,,,,,,,,,,,,standard
214,sdfsdfsdfs,sdfsskh,C0001,7,5,6.25,,,,,,,,,,,,,,,,,,standard
215,sdfsdfsdfs,sdfsskh,C0001,7,5,6.25,,,,,,,,,,,,,,,,,,standard
216,sdfsdfsdfs,sdfsskh,C0001,7,5,6.25,,,,,,,,,,,,,,,,,,standard
217,sdfsdfsdfs,sdfsskh,C0001,7,5,6.25,,,,,,,,,,,,,,,,,,standard
218,sdfsdfsdfs,sdfsskh,C0001,7,0.6,0.9,,,,,,,,,,,,,,,,,,standard
219,sdfsdfsdfs,sdfsskh,C0001,7,0.2,0.5,,,,,,,,,,,,,,,,,,standard
220,sdfsdfsdfs,sdfsskh,C0001,4,0,0.75,,,,,,,,,,,,,,,,,,standard
221,sdfsdfsdfs,sdfsskh,C0001,14,0,0.5,,,,,,,,,,,,,,,,,,standard
222,sdfsdfsdfs,sdfsskh,C0001,14,0,0.5,,,,,,,,,,,,,,,,,,standard
223,sdfsdfsdfs,sdfsskh,C0001,7,0,0.75,,,,,,,,,,,,,,,,,,standard
224,sdfsdfsdfs,sdfsskh,C0001,7,2.5,4,,,,,,,,,,,,,,,,,,standard
225,sdfsdfsdfs,sdfsskh,C0001,7,2.5,4,,,,,,,,,,,,,,,,,,standard
226,sdfsdfsdfs,sdfsskh,C0001,7,0.34,0.5,,,,,,,,,,,,,,,,,,standard
227,sdfsdfsdfs,sdfsskh,C0001,7,0.15,0.2,,,,,,,,,,,,,,,,,,standard
228,sdfsdfsdfs,sdfsskh,C0001,7,0.15,0.2,,,,,,,,,,,,,,,,,,standard
229,sdfsdfsdfs,sdfsskh,C0001,7,0.2,0.25,,,,,,,,,,,,,,,,,,standard
230,sdfsdfsdfs,sdfsskh,C0001,1,0,0,,,,,,,,,,,,,,,,,,standard
231,sdfsdfsdfs,sdfsskh,C0001,1,1.63,2,,,,,,,,,,,,,,,,,,standard
232,sdfsdfsdfs,sdfsskh,C0001,1,1.75,2.5,,,,,,,,,,,,,,,,,,standard
233,sdfsdfsdfs,sdfsskh,C0001,1,2.25,2.5,,,,,,,,,,,,,,,,,,standard
234,sdfsdfsdfs,sdfsskh,C0001,1,0,0,,,,,,,,,,,,,,,,,,standard
235,sdfsdfsdfs,sdfsskh,C0001,1,1.63,2,,,,,,,,,,,,,,,,,,standard
236,sdfsdfsdfs,sdfsskh,C0001,1,1.63,2.5,,,,,,,,,,,,,,,,,,standard
237,sdfsdfsdfs,sdfsskh,C0001,7,0.83,1.25,,,,,,,,,,,,,,,,,,standard
238,sdfsdfsdfs,sdfsskh,C0001,7,0.45,1,,,,,,,,,,,,,,,,,,standard
239,sdfsdfsdfs,sdfsskh,C0001,7,0,1,,,,,,,,,,,,,,,,,,standard
240,sdfsdfsdfs,sdfsskh,C0001,7,1.13,1.5,,,,,,,,,,,,,,,,,,standard
241,sdfsdfsdfs,sdfsskh,C0001,7,0.75,1,,,,,,,,,,,,,,,,,,standard
242,sdfsdfsdfs,sdfsskh,C0001,7,0.5,0.75,,,,,,,,,,,,,,,,,,standard
243,sdfsdfsdfs,sdfsskh,C0001,7,0.5,0.75,,,,,,,,,,,,,,,,,,standard
244,sdfsdfsdfs,sdfsskh,C0001,7,0.45,0.75,,,,,,,,,,,,,,,,,,standard
245,sdfsdfsdfs,sdfsskh,C0001,7,0.45,0.75,,,,,,,,,,,,,,,,,,standard
246,sdfsdfsdfs,sdfsskh,C0001,1,0,12,,,,,,,,,,,,,,,,,,standard
247,sdfsdfsdfs,sdfsskh,C0001,1,0.4,1,,,,,,,,,,,,,,,,,,standard
248,sdfsdfsdfs,sdfsskh,C0001,1,1.25,1.5,,,,,,,,,,,,,,,,,,standard
249,sdfsdfsdfs,sdfsskh,C0001,7,0.4,1,,,,,,,,,,,,,,,,,,standard
250,sdfsdfsdfs,sdfsskh,C0001,7,0.4,0.75,,,,,,,,,,,,,,,,,,standard
251,sdfsdfsdfs,sdfsskh,C0011,12,0.3,0.5,,,,,កំប៉ុង=1_0.5|កេស=24_8.5,,,,,,,,,,,,,standard
252,sdfsdfsdfs,sdfsskh,C0011,6,0.25,0.5,,,,,ដប=1_0.5|យួរ=6_2|កេស=24_8.5,,,,,,,,,,,,,standard
253,sdfsdfsdfs,sdfsskh,C0011,12,0.35,0.65,,,,,កំប៉ុង=1_0.65|កេស=24_9,,,,,,,,,,,,,standard
254,sdfsdfsdfs,sdfsskh,C0011,6,0,1.15,,,,,,,,,,,,,,,,,,standard
255,sdfsdfsdfs,sdfsskh,C0011,6,0,1.75,,,,,,,,,,,,,,,,,,standard
256,sdfsdfsdfs,sdfsskh,C0011,6,0,4.25,,,,,,,,,,,,,,,,,,standard
257,sdfsdfsdfs,sdfsskh,C0011,6,0,1.65,,,,,,,,,,,,,,,,,,standard
258,sdfsdfsdfs,sdfsskh,C0011,12,0,1.3,,,,,កំប៉ុង=1_1.3|កេស=24_25,,,,,,,,,,,,,standard
259,sdfsdfsdfs,sdfsskh,C0003,13,0.45,0.5,,,,,,,,,,,,,,,,,,standard
260,sdfsdfsdfs,sdfsskh,C0003,7,0.15,0.2,,,,,,,,,,,,,,,,,,standard
261,sdfsdfsdfs,sdfsskh,C0003,7,0.32,0.75,,,,,,,,,,,,,,,,,,standard
262,sdfsdfsdfs,sdfsskh,C0003,12,0,0.75,,,,,,,,,,,,,,,,,,standard
263,sdfsdfsdfs,sdfsskh,C0003,12,0.6,0.75,,,,,,,,,,,,,,,,,,standard
264,sdfsdfsdfs,sdfsskh,C0003,12,0.33,0.45,,,,,កំប៉ុង=1_.45|ឡូ=12_4.75,,,,,,,,,,,,,standard
265,sdfsdfsdfs,sdfsskh,C0011,6,0,0.25,,,,,ដប=1_0.25|យួរ=6_1,,,,,,,,,,,,,standard
266,sdfsdfsdfs,sdfsskh,C0011,6,0,0.2,,,,,ដប=1_0.2|កេស=24_3.3,,,,,,,,,,,,,standard
267,sdfsdfsdfs,sdfsskh,C0011,6,0,0.25,,,,,ដប=1_0.25|កេស=24_4.4,,,,,,,,,,,,,standard
268,sdfsdfsdfs,sdfsskh,C0011,6,0,0.7,,,,,ដប=1_0.7|កេស=12_5.5,,,,,,,,,,,,,standard
269,sdfsdfsdfs,sdfsskh,C0011,12,0,0.5,,,,,កំប៉ុង=1_0.5|កេស=24_8.5,,,,,,,,,,,,,standard
270,sdfsdfsdfs,sdfsskh,C0011,12,0,0.5,,,,,កំប៉ុង=1_0.5|កេស=24_8.5,,,,,,,,,,,,,standard
271,sdfsdfsdfs,sdfsskh,C0011,12,0.3,0.5,,,,,កំប៉ុង=1_0.5|កេស=24_8.5,,,,,,,,,,,,,standard
272,sdfsdfsdfs,sdfsskh,C0011,6,0.36,0.5,,,,,ដប=1_0.55|យួរ=6_2|កេស=24_8.5,,,,,,,,,,,,,standard
273,sdfsdfsdfs,sdfsskh,C0011,12,0.3,0.5,,,,,កំប៉ុង=1_0.5|កេស=24_8.5,,,,,,,,,,,,,standard
274,sdfsdfsdfs,sdfsskh,C0011,6,0.36,0.6,,,,,ដប=1_0.55|យួរ=6_2|កេស=24_8.5,,,,,,,,,,,,,standard
275,sdfsdfsdfs,sdfsskh,C0003,12,0.5,0.55,,,,,,,,,,,,,,,,,,standard
276,sdfsdfsdfs,sdfsskh,C0011,6,12,20,,,,,,,,,,,,,,,,,,standard
277,sdfsdfsdfs,sdfsskh,C0011,6,7.5,12,,,,,,,,,,,,,,,,,,standard
278,sdfsdfsdfs,sdfsskh,C0011,12,0.28,0.5,,,,,កំប៉ុង=1_0.5|កេស=24_7.5,,,,,,,,,,,,,standard
279,sdfsdfsdfs,sdfsskh,C0011,12,0.28,0.5,,,,,កំប៉ុង=1_0.5|កេស=24_7.5,,,,,,,,,,,,,standard
280,sdfsdfsdfs,sdfsskh,C0011,6,0.28,0.55,,,,,ដប=1_0.55|យួរ=6_2|កេស=24_8.5,,,,,,,,,,,,,standard
281,sdfsdfsdfs,sdfsskh,C0011,6,0.28,0.55,,,,,ដប=1_0.55|យួរ=6_2|កេស=24_8.6,,,,,,,,,,,,,standard
282,sdfsdfsdfs,sdfsskh,C0011,12,0.28,0.5,,,,,កំប៉ុង=1_0.5|កេស=24_7.5,,,,,,,,,,,,,standard
283,sdfsdfsdfs,sdfsskh,C0011,12,0.28,0.5,,,,,កំប៉ុង=1_0.5|កេស=24_7.6,,,,,,,,,,,,,standard
284,sdfsdfsdfs,sdfsskh,C0011,12,0.28,0.5,,,,,កំប៉ុង=1_0.5|កេស=24_7.7,,,,,,,,,,,,,standard
285,sdfsdfsdfs,sdfsskh,C0011,12,0.29,0.75,,,,,កំប៉ុង=1_0.75|កេស=24_8.5,,,,,,,,,,,,,standard
286,sdfsdfsdfs,sdfsskh,C0011,12,0.29,0.75,,,,,កំប៉ុង=1_0.75|កេស=24_8.5,,,,,,,,,,,,,standard
287,sdfsdfsdfs,sdfsskh,C0011,12,0.31,0.75,,,,,កំប៉ុង=1_0.75|កេស=24_8.5,,,,,,,,,,,,,standard
288,sdfsdfsdfs,sdfsskh,C0011,6,0.31,0.65,,,,,,,,,,,,,,,,,,standard
289,sdfsdfsdfs,sdfsskh,C0003,7,0.65,0.85,,,,,,,,,,,,,,,,,,standard
290,sdfsdfsdfs,sdfsskh,C0003,7,1.29,1.5,,,,,,,,,,,,,,,,,,standard
291,sdfsdfsdfs,sdfsskh,C0003,7,2.82,3.25,,,,,,,,,,,,,,,,,,standard
292,sdfsdfsdfs,sdfsskh,C0003,7,4.65,5.2,,,,,,,,,,,,,,,,,,standard
293,sdfsdfsdfs,sdfsskh,C0003,7,1.45,1.7,,,,,,,,,,,,,,,,,,standard
294,sdfsdfsdfs,sdfsskh,C0003,12,3,3.4,,,,,,,,,,,,,,,,,,standard
295,sdfsdfsdfs,sdfsskh,C0003,12,1.25,1.6,,,,,,,,,,,,,,,,,,standard
296,sdfsdfsdfs,sdfsskh,C0003,12,2.17,2.5,,,,,,,,,,,,,,,,,,standard
297,sdfsdfsdfs,sdfsskh,C0001,1,0,0.5,,,,,,,,,,,,,,,,,,standard
298,sdfsdfsdfs,sdfsskh,C0001,1,0,1.75,,,,,,,,,,,,,,,,,,standard
299,sdfsdfsdfs,sdfsskh,C0001,1,0,2.5,,,,,,,,,,,,,,,,,,standard
300,sdfsdfsdfs,sdfsskh,C0001,1,0,2,,,,,,,,,,,,,,,,,,standard
301,sdfsdfsdfs,sdfsskh,C0001,1,0,1,,,,,,,,,,,,,,,,,,standard
302,sdfsdfsdfs,sdfsskh,C0001,1,0,1,,,,,,,,,,,,,,,,,,standard
303,sdfsdfsdfs,sdfsskh,C0001,1,0,1.2,,,,,,,,,,,,,,,,,,standard
304,sdfsdfsdfs,sdfsskh,C0001,1,0,5,,,,,,,,,,,,,,,,,,standard
305,sdfsdfsdfs,sdfsskh,C0001,1,0,3,,,,,,,,,,,,,,,,,,standard
306,sdfsdfsdfs,sdfsskh,C0001,1,0,2,,,,,,,,,,,,,,,,,,standard
307,sdfsdfsdfs,sdfsskh,C0001,1,0,2.5,,,,,,,,,,,,,,,,,,standard
308,sdfsdfsdfs,sdfsskh,C0001,1,0,5,,,,,,,,,,,,,,,,,,standard
309,sdfsdfsdfs,sdfsskh,C0001,1,0,1.5,,,,,,,,,,,,,,,,,,standard
310,sdfsdfsdfs,sdfsskh,C0001,1,0,1,,,,,,,,,,,,,,,,,,standard
311,sdfsdfsdfs,sdfsskh,C0001,14,0,0.3,,,,,,,,,,,,,,,,,,standard
312,sdfsdfsdfs,sdfsskh,C0001,1,0,2.2,,,,,,,,,,,,,,,,,,standard
313,sdfsdfsdfs,sdfsskh,C0001,1,0,1.5,,,,,,,,,,,,,,,,,,standard
314,sdfsdfsdfs,sdfsskh,C0001,1,0,1.5,,,,,,,,,,,,,,,,,,standard
315,sdfsdfsdfs,sdfsskh,C0001,1,0,5.5,,,,,,,,,,,,,,,,,,standard
316,sdfsdfsdfs,sdfsskh,C0001,8,0,0.6,,,,,,,,,,,,,,,,,,standard
317,sdfsdfsdfs,sdfsskh,C0001,9,0,0.3,,,,,,,,,,,,,,,,,,standard
318,sdfsdfsdfs,sdfsskh,C0001,1,0,1.5,,,,,,,,,,,,,,,,,,standard
319,sdfsdfsdfs,sdfsskh,C0001,1,0,0.7,,,,,,,,,,,,,,,,,,standard
320,sdfsdfsdfs,sdfsskh,C0001,1,0,1.4,,,,,,,,,,,,,,,,,,standard
321,sdfsdfsdfs,sdfsskh,C0001,1,0,0.8,,,,,,,,,,,,,,,,,,standard
322,sdfsdfsdfs,sdfsskh,C0001,1,0,1,,,,,,,,,,,,,,,,,,standard
323,sdfsdfsdfs,sdfsskh,C0001,1,0,1,,,,,,,,,,,,,,,,,,standard
324,sdfsdfsdfs,sdfsskh,C0001,1,0,0.85,,,,,,,,,,,,,,,,,,standard
325,sdfsdfsdfs,sdfsskh,C0001,1,0,0.85,,,,,,,,,,,,,,,,,,standard
326,sdfsdfsdfs,sdfsskh,C0001,1,0,1.2,,,,,,,,,,,,,,,,,,standard
327,sdfsdfsdfs,sdfsskh,C0001,1,0,1,,,,,,,,,,,,,,,,,,standard
328,sdfsdfsdfs,sdfsskh,C0001,1,0,1.5,,,,,,,,,,,,,,,,,,standard
329,sdfsdfsdfs,sdfsskh,C0001,1,0,0.65,,,,,,,,,,,,,,,,,,standard
330,sdfsdfsdfs,sdfsskh,C0001,1,0,0.75,,,,,,,,,,,,,,,,,,standard
331,sdfsdfsdfs,sdfsskh,C0001,1,0,0.5,,,,,,,,,,,,,,,,,,standard
332,sdfsdfsdfs,sdfsskh,C0001,1,0,0.5,,,,,,,,,,,,,,,,,,standard
333,sdfsdfsdfs,sdfsskh,C0001,1,0,0.7,,,,,,,,,,,,,,,,,,standard
334,sdfsdfsdfs,sdfsskh,C0001,1,0,0.7,,,,,,,,,,,,,,,,,,standard
335,sdfsdfsdfs,sdfsskh,C0001,1,0,3,,,,,,,,,,,,,,,,,,standard
336,sdfsdfsdfs,sdfsskh,C0001,1,0,1.5,,,,,,,,,,,,,,,,,,standard
337,sdfsdfsdfs,sdfsskh,C0001,1,0,1.5,,,,,,,,,,,,,,,,,,standard
338,sdfsdfsdfs,sdfsskh,C0001,1,0,4,,,,,,,,,,,,,,,,,,standard
339,sdfsdfsdfs,sdfsskh,C0001,1,0,1.75,,,,,,,,,,,,,,,,,,standard
340,sdfsdfsdfs,sdfsskh,C0001,1,0,3.5,,,,,,,,,,,,,,,,,,standard
341,sdfsdfsdfs,sdfsskh,C0001,1,0,1.2,,,,,,,,,,,,,,,,,,standard
342,sdfsdfsdfs,sdfsskh,C0001,1,0,2.25,,,,,,,,,,,,,,,,,,standard
343,sdfsdfsdfs,sdfsskh,C0001,1,0,1.7,,,,,,,,,,,,,,,,,,standard
344,sdfsdfsdfs,sdfsskh,C0001,1,0,2.5,,,,,,,,,,,,,,,,,,standard
345,sdfsdfsdfs,sdfsskh,C0001,1,0,4,,,,,,,,,,,,,,,,,,standard
346,sdfsdfsdfs,sdfsskh,C0001,1,0,3.5,,,,,,,,,,,,,,,,,,standard
347,sdfsdfsdfs,sdfsskh,C0001,1,0,2.5,,,,,,,,,,,,,,,,,,standard
348,sdfsdfsdfs,sdfsskh,C0001,1,0,1.2,,,,,,,,,,,,,,,,,,standard
349,sdfsdfsdfs,sdfsskh,C0001,1,0,1.5,,,,,,,,,,,,,,,,,,standard
350,sdfsdfsdfs,sdfsskh,C0001,1,0,0.7,,,,,,,,,,,,,,,,,,standard
351,sdfsdfsdfs,sdfsskh,C0001,1,0,0,,,,,,,,,,,,,,,,,,standard
352,sdfsdfsdfs,sdfsskh,C0001,1,0,1.3,,,,,,,,,,,,,,,,,,standard
353,sdfsdfsdfs,sdfsskh,C0001,1,0,0.7,,,,,,,,,,,,,,,,,,standard
354,sdfsdfsdfs,sdfsskh,C0001,1,0,0,,,,,,,,,,,,,,,,,,standard
355,sdfsdfsdfs,sdfsskh,C0001,1,0,2.4,,,,,,,,,,,,,,,,,,standard
356,sdfsdfsdfs,sdfsskh,C0001,1,0,0,,,,,,,,,,,,,,,,,,standard
357,sdfsdfsdfs,sdfsskh,C0001,1,0,0.8,,,,,,,,,,,,,,,,,,standard
358,sdfsdfsdfs,sdfsskh,C0001,1,0,4.5,,,,,,,,,,,,,,,,,,standard
359,sdfsdfsdfs,sdfsskh,C0001,1,0,0.75,,,,,,,,,,,,,,,,,,standard
360,sdfsdfsdfs,sdfsskh,C0001,1,0,1.5,,,,,,,,,,,,,,,,,,standard
361,sdfsdfsdfs,sdfsskh,C0001,1,0,1.1,,,,,,,,,,,,,,,,,,standard
362,sdfsdfsdfs,sdfsskh,C0001,1,0,1.1,,,,,,,,,,,,,,,,,,standard
363,sdfsdfsdfs,sdfsskh,C0001,1,0,1.75,,,,,,,,,,,,,,,,,,standard
364,sdfsdfsdfs,sdfsskh,C0001,1,0,0.6,,,,,,,,,,,,,,,,,,standard
365,sdfsdfsdfs,sdfsskh,C0001,1,0,1.4,,,,,,,,,,,,,,,,,,standard
366,sdfsdfsdfs,sdfsskh,C0001,8,0,0.7,,,,,,,,,,,,,,,,,,standard
367,sdfsdfsdfs,sdfsskh,C0001,1,0,2,,,,,,,,,,,,,,,,,,standard
368,sdfsdfsdfs,sdfsskh,C0001,1,0,5.5,,,,,,,,,,,,,,,,,,standard
369,sdfsdfsdfs,sdfsskh,C0001,1,0,2.5,,,,,,,,,,,,,,,,,,standard
370,sdfsdfsdfs,sdfsskh,C0001,7,0,1.15,,,,,,,,,,,,,,,,,,standard
371,sdfsdfsdfs,sdfsskh,C0001,1,0,6,,,,,,,,,,,,,,,,,,standard
372,sdfsdfsdfs,sdfsskh,C0001,7,0,1.3,,,,,,,,,,,,,,,,,,standard
373,sdfsdfsdfs,sdfsskh,C0001,7,0,1.3,,,,,,,,,,,,,,,,,,standard
374,sdfsdfsdfs,sdfsskh,C0001,1,0,1.2,,,,,,,,,,,,,,,,,,standard
375,sdfsdfsdfs,sdfsskh,C0001,1,0,2.5,,,,,,,,,,,,,,,,,,standard
376,sdfsdfsdfs,sdfsskh,C0001,1,0,4,,,,,,,,,,,,,,,,,,standard
377,sdfsdfsdfs,sdfsskh,C0001,1,0,2.2,,,,,,,,,,,,,,,,,,standard
378,sdfsdfsdfs,sdfsskh,C0001,1,0,4,,,,,,,,,,,,,,,,,,standard
379,sdfsdfsdfs,sdfsskh,C0001,1,0,4.5,,,,,,,,,,,,,,,,,,standard
380,sdfsdfsdfs,sdfsskh,C0001,1,0,6.5,,,,,,,,,,,,,,,,,,standard
381,sdfsdfsdfs,sdfsskh,C0001,1,0,7,,,,,,,,,,,,,,,,,,standard
382,sdfsdfsdfs,sdfsskh,C0001,1,0,3.5,,,,,,,,,,,,,,,,,,standard
383,sdfsdfsdfs,sdfsskh,C0001,1,0,1.2,,,,,,,,,,,,,,,,,,standard
384,sdfsdfsdfs,sdfsskh,C0001,1,0,2.5,,,,,,,,,,,,,,,,,,standard
385,sdfsdfsdfs,sdfsskh,C0001,1,0,1.5,,,,,,,,,,,,,,,,,,standard
386,sdfsdfsdfs,sdfsskh,C0001,1,0,2,,,,,,,,,,,,,,,,,,standard
387,sdfsdfsdfs,sdfsskh,C0001,1,0,1.2,,,,,,,,,,,,,,,,,,standard
388,sdfsdfsdfs,sdfsskh,C0001,1,0,1,,,,,,,,,,,,,,,,,,standard
389,sdfsdfsdfs,sdfsskh,C0001,1,0,4,,,,,,,,,,,,,,,,,,standard
390,sdfsdfsdfs,sdfsskh,C0001,1,0,1,,,,,,,,,,,,,,,,,,standard
391,sdfsdfsdfs,sdfsskh,C0001,1,0,2.5,,,,,,,,,,,,,,,,,,standard
392,sdfsdfsdfs,sdfsskh,C0001,1,0,1,,,,,,,,,,,,,,,,,,standard
393,sdfsdfsdfs,sdfsskh,C0001,1,0,1.5,,,,,,,,,,,,,,,,,,standard
394,sdfsdfsdfs,sdfsskh,C0001,1,0,1.5,,,,,,,,,,,,,,,,,,standard
395,sdfsdfsdfs,sdfsskh,C0001,1,0,1,,,,,,,,,,,,,,,,,,standard
396,sdfsdfsdfs,sdfsskh,C0001,1,0,2.5,,,,,,,,,,,,,,,,,,standard
397,sdfsdfsdfs,sdfsskh,C0001,8,0,0.15,,,,,,,,,,,,,,,,,,standard
398,sdfsdfsdfs,sdfsskh,C0001,8,0,0.3,,,,,,,,,,,,,,,,,,standard
399,sdfsdfsdfs,sdfsskh,C0001,1,0,1.5,,,,,,,,,,,,,,,,,,standard
400,sdfsdfsdfs,sdfsskh,C0001,1,0,3.7,,,,,,,,,,,,,,,,,,standard
401,sdfsdfsdfs,sdfsskh,C0001,1,0,3.7,,,,,,,,,,,,,,,,,,standard
402,sdfsdfsdfs,sdfsskh,C0001,12,0,0.75,,,,,,,,,,,,,,,,,,standard
403,sdfsdfsdfs,sdfsskh,C0001,1,0,3.2,,,,,,,,,,,,,,,,,,standard
404,sdfsdfsdfs,sdfsskh,C0001,1,0,1,,,,,,,,,,,,,,,,,,standard
405,sdfsdfsdfs,sdfsskh,C0001,1,0,1,,,,,,,,,,,,,,,,,,standard
406,sdfsdfsdfs,sdfsskh,C0001,1,0,1.5,,,,,,,,,,,,,,,,,,standard
407,sdfsdfsdfs,sdfsskh,C0001,1,0,1.5,,,,,,,,,,,,,,,,,,standard
408,sdfsdfsdfs,sdfsskh,C0001,1,0,1.65,,,,,,,,,,,,,,,,,,standard
409,sdfsdfsdfs,sdfsskh,C0001,1,0,0.35,,,,,,,,,,,,,,,,,,standard
410,sdfsdfsdfs,sdfsskh,C0001,1,0,0.65,,,,,,,,,,,,,,,,,,standard
411,sdfsdfsdfs,sdfsskh,C0001,1,0,1.5,,,,,,,,,,,,,,,,,,standard
412,sdfsdfsdfs,sdfsskh,C0001,1,0,0.7,,,,,,,,,,,,,,,,,,standard
413,sdfsdfsdfs,sdfsskh,C0001,1,0,2.5,,,,,,,,,,,,,,,,,,standard
414,sdfsdfsdfs,sdfsskh,C0001,1,0,2.5,,,,,,,,,,,,,,,,,,standard
415,sdfsdfsdfs,sdfsskh,C0001,1,0,0.65,,,,,,,,,,,,,,,,,,standard
416,sdfsdfsdfs,sdfsskh,C0001,1,0,0.8,,,,,,,,,,,,,,,,,,standard
417,sdfsdfsdfs,sdfsskh,C0001,1,0,1.7,,,,,,,,,,,,,,,,,,standard
418,sdfsdfsdfs,sdfsskh,C0001,1,0,2.25,,,,,,,,,,,,,,,,,,standard
419,sdfsdfsdfs,sdfsskh,C0001,1,0,2.25,,,,,,,,,,,,,,,,,,standard
420,sdfsdfsdfs,sdfsskh,C0001,1,0,3.5,,,,,,,,,,,,,,,,,,standard
421,sdfsdfsdfs,sdfsskh,C0001,1,0,2.25,,,,,,,,,,,,,,,,,,standard
422,sdfsdfsdfs,sdfsskh,C0001,1,0,2.5,,,,,,,,,,,,,,,,,,standard
423,sdfsdfsdfs,sdfsskh,C0001,1,0,2.55,,,,,,,,,,,,,,,,,,standard
424,sdfsdfsdfs,sdfsskh,C0001,1,0,3.5,,,,,,,,,,,,,,,,,,standard
425,sdfsdfsdfs,sdfsskh,C0001,1,0,1.75,,,,,,,,,,,,,,,,,,standard
426,sdfsdfsdfs,sdfsskh,C0001,1,0,1.5,,,,,,,,,,,,,,,,,,standard
427,sdfsdfsdfs,sdfsskh,C0001,1,0,3.5,,,,,,,,,,,,,,,,,,standard
428,sdfsdfsdfs,sdfsskh,C0001,1,0,1,,,,,,,,,,,,,,,,,,standard
429,sdfsdfsdfs,sdfsskh,C0001,1,0,1.25,,,,,,,,,,,,,,,,,,standard
430,sdfsdfsdfs,sdfsskh,C0001,1,0,6.5,,,,,,,,,,,,,,,,,,standard
431,sdfsdfsdfs,sdfsskh,C0001,9,0,0.65,,,,,,,,,,,,,,,,,,standard
432,sdfsdfsdfs,sdfsskh,C0001,1,0,0.9,,,,,,,,,,,,,,,,,,standard
433,sdfsdfsdfs,sdfsskh,C0001,1,0,1.45,,,,,,,,,,,,,,,,,,standard
434,sdfsdfsdfs,sdfsskh,C0001,1,0,0.6,,,,,,,,,,,,,,,,,,standard
435,sdfsdfsdfs,sdfsskh,C0001,1,0,1.6,,,,,,,,,,,,,,,,,,standard
436,sdfsdfsdfs,sdfsskh,C0001,1,0,11,,,,,,,,,,,,,,,,,,standard
437,sdfsdfsdfs,sdfsskh,C0001,1,0,0.75,,,,,,,,,,,,,,,,,,standard
438,sdfsdfsdfs,sdfsskh,C0001,1,0,0.8,,,,,,,,,,,,,,,,,,standard
439,sdfsdfsdfs,sdfsskh,C0001,1,0,1.5,,,,,,,,,,,,,,,,,,standard
440,sdfsdfsdfs,sdfsskh,C0001,1,0,0.75,,,,,,,,,,,,,,,,,,standard
441,sdfsdfsdfs,sdfsskh,C0001,1,0,0.7,,,,,,,,,,,,,,,,,,standard
442,sdfsdfsdfs,sdfsskh,C0001,1,0,0.85,,,,,,,,,,,,,,,,,,standard
443,sdfsdfsdfs,sdfsskh,C0001,1,0,0.75,,,,,,,,,,,,,,,,,,standard
444,sdfsdfsdfs,sdfsskh,C0001,1,0,1,,,,,,,,,,,,,,,,,,standard
445,sdfsdfsdfs,sdfsskh,C0001,1,0,1,,,,,,,,,,,,,,,,,,standard
446,sdfsdfsdfs,sdfsskh,C0001,1,0,0.8,,,,,,,,,,,,,,,,,,standard
447,sdfsdfsdfs,sdfsskh,C0001,1,0,2.5,,,,,,,,,,,,,,,,,,standard
448,sdfsdfsdfs,sdfsskh,C0001,12,0,0.85,,,,,,,,,,,,,,,,,,standard
449,sdfsdfsdfs,sdfsskh,C0001,1,0,1.5,,,,,,,,,,,,,,,,,,standard
450,sdfsdfsdfs,sdfsskh,C0001,1,0,1.5,,,,,,,,,,,,,,,,,,standard
451,sdfsdfsdfs,sdfsskh,C0001,1,0,1.5,,,,,,,,,,,,,,,,,,standard
452,sdfsdfsdfs,sdfsskh,C0001,1,0,1.25,,,,,,,,,,,,,,,,,,standard
453,sdfsdfsdfs,sdfsskh,C0001,1,0,3,,,,,,,,,,,,,,,,,,standard
454,sdfsdfsdfs,sdfsskh,C0001,1,0,0.5,,,,,,,,,,,,,,,,,,standard
455,sdfsdfsdfs,sdfsskh,C0001,1,0,4.5,,,,,,,,,,,,,,,,,,standard
456,sdfsdfsdfs,sdfsskh,C0001,1,0,2,,,,,,,,,,,,,,,,,,standard
457,sdfsdfsdfs,sdfsskh,C0001,8,0,0.25,,,,,,,,,,,,,,,,,,standard
458,sdfsdfsdfs,sdfsskh,C0001,8,0,0.25,,,,,,,,,,,,,,,,,,standard
459,sdfsdfsdfs,sdfsskh,C0001,1,0,1.5,,,,,,,,,,,,,,,,,,standard
460,sdfsdfsdfs,sdfsskh,C0001,1,0,0.5,,,,,,,,,,,,,,,,,,standard
461,sdfsdfsdfs,sdfsskh,C0001,1,0,3,,,,,,,,,,,,,,,,,,standard
462,sdfsdfsdfs,sdfsskh,C0001,1,0,2,,,,,,,,,,,,,,,,,,standard
463,sdfsdfsdfs,sdfsskh,C0001,1,0,2.2,,,,,,,,,,,,,,,,,,standard
464,sdfsdfsdfs,sdfsskh,C0001,1,0,1.5,,,,,,,,,,,,,,,,,,standard
465,sdfsdfsdfs,sdfsskh,C0001,1,0,0.9,,,,,,,,,,,,,,,,,,standard
466,sdfsdfsdfs,sdfsskh,C0001,8,0,0.15,,,,,,,,,,,,,,,,,,standard
467,sdfsdfsdfs,sdfsskh,C0001,1,0,0.8,,,,,,,,,,,,,,,,,,standard
468,sdfsdfsdfs,sdfsskh,C0001,1,0,1.5,,,,,,,,,,,,,,,,,,standard
469,sdfsdfsdfs,sdfsskh,C0001,1,0,6.5,,,,,,,,,,,,,,,,,,standard
470,sdfsdfsdfs,sdfsskh,C0001,8,0,4,,,,,,,,,,,,,,,,,,standard
471,sdfsdfsdfs,sdfsskh,C0001,1,0,2.2,,,,,,,,,,,,,,,,,,standard
472,sdfsdfsdfs,sdfsskh,C0001,1,0,0.6,,,,,,,,,,,,,,,,,,standard
473,sdfsdfsdfs,sdfsskh,C0001,8,0,0.25,,,,,,,,,,,,,,,,,,standard
474,sdfsdfsdfs,sdfsskh,C0001,8,0,0.3,,,,,,,,,,,,,,,,,,standard
475,sdfsdfsdfs,sdfsskh,C0001,8,0,1.75,,,,,,,,,,,,,,,,,,standard
476,sdfsdfsdfs,sdfsskh,C0001,1,0,3,,,,,,,,,,,,,,,,,,standard
477,sdfsdfsdfs,sdfsskh,C0001,1,0,3,,,,,,,,,,,,,,,,,,standard
478,sdfsdfsdfs,sdfsskh,C0001,1,0,3,,,,,,,,,,,,,,,,,,standard
479,sdfsdfsdfs,sdfsskh,C0001,1,0,3,,,,,,,,,,,,,,,,,,standard
480,sdfsdfsdfs,sdfsskh,C0001,1,0,1.6,,,,,,,,,,,,,,,,,,standard
481,sdfsdfsdfs,sdfsskh,C0001,1,0,2,,,,,,,,,,,,,,,,,,standard
482,sdfsdfsdfs,sdfsskh,C0001,1,0,0.65,,,,,,,,,,,,,,,,,,standard
483,sdfsdfsdfs,sdfsskh,C0001,1,0,0.65,,,,,,,,,,,,,,,,,,standard
484,sdfsdfsdfs,sdfsskh,C0001,1,0,0.55,,,,,,,,,,,,,,,,,,standard
485,sdfsdfsdfs,sdfsskh,C0001,1,0,0.7,,,,,,,,,,,,,,,,,,standard
486,sdfsdfsdfs,sdfsskh,C0001,1,0,1,,,,,,,,,,,,,,,,,,standard
487,sdfsdfsdfs,sdfsskh,C0001,1,0,1.5,,,,,,,,,,,,,,,,,,standard
488,sdfsdfsdfs,sdfsskh,C0001,1,0,3,,,,,,,,,,,,,,,,,,standard
489,sdfsdfsdfs,sdfsskh,C0001,1,0,3.5,,,,,,,,,,,,,,,,,,standard
490,sdfsdfsdfs,sdfsskh,C0001,1,0,1.5,,,,,,,,,,,,,,,,,,standard
491,sdfsdfsdfs,sdfsskh,C0001,1,0,1.3,,,,,,,,,,,,,,,,,,standard
492,sdfsdfsdfs,sdfsskh,C0001,1,0,1.75,,,,,,,,,,,,,,,,,,standard
493,sdfsdfsdfs,sdfsskh,C0001,1,0,1.75,,,,,,,,,,,,,,,,,,standard
494,sdfsdfsdfs,sdfsskh,C0001,1,0,0.65,,,,,,,,,,,,,,,,,,standard
495,sdfsdfsdfs,sdfsskh,C0001,1,0,4,,,,,,,,,,,,,,,,,,standard
496,sdfsdfsdfs,sdfsskh,C0001,1,0,18,,,,,,,,,,,,,,,,,,standard
497,sdfsdfsdfs,sdfsskh,C0001,8,0,0.3,,,,,,,,,,,,,,,,,,standard
498,sdfsdfsdfs,sdfsskh,C0001,8,0,0.3,,,,,,,,,,,,,,,,,,standard
499,sdfsdfsdfs,sdfsskh,C0001,1,0,3,,,,,,,,,,,,,,,,,,standard
500,sdfsdfsdfs,sdfsskh,C0001,8,0,0.3,,,,,,,,,,,,,,,,,,standard
501,sdfsdfsdfs,sdfsskh,C0001,1,0,3.5,,,,,,,,,,,,,,,,,,standard
502,sdfsdfsdfs,sdfsskh,C0001,1,0,1.5,,,,,,,,,,,,,,,,,,standard
503,sdfsdfsdfs,sdfsskh,C0001,8,0,0.12,,,,,,,,,,,,,,,,,,standard
504,sdfsdfsdfs,sdfsskh,C0001,1,0,1,,,,,,,,,,,,,,,,,,standard
505,sdfsdfsdfs,sdfsskh,C0001,1,0,4.5,,,,,,,,,,,,,,,,,,standard
506,sdfsdfsdfs,sdfsskh,C0001,1,0,3.75,,,,,,,,,,,,,,,,,,standard
507,sdfsdfsdfs,sdfsskh,C0002,9,0,0.65,,,,,,,,,,,,,,,,,,standard
508,sdfsdfsdfs,sdfsskh,C0002,9,0,0.7,,,,,,,,,,,,,,,,,,standard
509,sdfsdfsdfs,sdfsskh,C0002,1,0,0.9,,,,,,,,,,,,,,,,,,standard
510,sdfsdfsdfs,sdfsskh,C0002,1,0,1.25,,,,,,,,,,,,,,,,,,standard
511,sdfsdfsdfs,sdfsskh,C0002,1,0,0.6,,,,,,,,,,,,,,,,,,standard
512,sdfsdfsdfs,sdfsskh,C0002,1,0,2.5,,,,,,,,,,,,,,,,,,standard
513,sdfsdfsdfs,sdfsskh,C0002,1,0,2.9,,,,,,,,,,,,,,,,,,standard
514,sdfsdfsdfs,sdfsskh,C0002,1,0,3,,,,,,,,,,,,,,,,,,standard
515,sdfsdfsdfs,sdfsskh,C0002,1,0,2.5,,,,,,,,,,,,,,,,,,standard
516,sdfsdfsdfs,sdfsskh,C0002,10,0,3.8,,,,,,,,,,,,,,,,,,standard
517,sdfsdfsdfs,sdfsskh,C0002,1,0,2.5,,,,,,,,,,,,,,,,,,standard
518,sdfsdfsdfs,sdfsskh,C0002,1,0,2.5,,,,,,,,,,,,,,,,,,standard
519,sdfsdfsdfs,sdfsskh,C0002,1,0,1.7,,,,,,,,,,,,,,,,,,standard
520,sdfsdfsdfs,sdfsskh,C0002,1,0,1.75,,,,,,,,,,,,,,,,,,standard
521,sdfsdfsdfs,sdfsskh,C0002,1,0,2.5,,,,,,,,,,,,,,,,,,standard
522,sdfsdfsdfs,sdfsskh,C0002,1,0,6,,,,,,,,,,,,,,,,,,standard
523,sdfsdfsdfs,sdfsskh,C0002,1,0,6,,,,,,,,,,,,,,,,,,standard
524,sdfsdfsdfs,sdfsskh,C0002,9,0,1.6,,,,,,,,,,,,,,,,,,standard
525,sdfsdfsdfs,sdfsskh,C0002,1,0,0.9,,,,,,,,,,,,,,,,,,standard
526,sdfsdfsdfs,sdfsskh,C0002,9,0,1.75,,,,,,,,,,,,,,,,,,standard
527,sdfsdfsdfs,sdfsskh,C0002,11,0,1.7,,,,,,,,,,,,,,,,,,standard
528,sdfsdfsdfs,sdfsskh,C0002,11,0,2,,,,,,,,,,,,,,,,,,standard
529,sdfsdfsdfs,sdfsskh,C0002,11,0,0.75,,,,,,,,,,,,,,,,,,standard
530,sdfsdfsdfs,sdfsskh,C0002,1,0,2.5,,,,,,,,,,,,,,,,,,standard
531,sdfsdfsdfs,sdfsskh,C0002,1,0,2.8,,,,,,,,,,,,,,,,,,standard
532,sdfsdfsdfs,sdfsskh,C0002,1,0,12,,,,,,,,,,,,,,,,,,standard
533,sdfsdfsdfs,sdfsskh,C0002,1,0,1.3,,,,,,,,,,,,,,,,,,standard
534,sdfsdfsdfs,sdfsskh,C0002,1,0,3,,,,,,,,,,,,,,,,,,standard
535,sdfsdfsdfs,sdfsskh,C0002,9,0,1.25,,,,,,,,,,,,,,,,,,standard
536,sdfsdfsdfs,sdfsskh,C0002,9,0,0.75,,,,,,,,,,,,,,,,,,standard
537,sdfsdfsdfs,sdfsskh,C0002,1,0,3,,,,,,,,,,,,,,,,,,standard
538,sdfsdfsdfs,sdfsskh,C0002,1,0,3,,,,,,,,,,,,,,,,,,standard
539,sdfsdfsdfs,sdfsskh,C0002,1,0,3,,,,,,,,,,,,,,,,,,standard
540,sdfsdfsdfs,sdfsskh,C0002,1,0,4,,,,,,,,,,,,,,,,,,standard
541,sdfsdfsdfs,sdfsskh,C0002,1,0,2.5,,,,,,,,,,,,,,,,,,standard
542,sdfsdfsdfs,sdfsskh,C0003,1,0.88,1,,,,,,,,,,,,,,,,,,standard
543,sdfsdfsdfs,sdfsskh,C0003,1,0.52,0.8,,,,,,,,,,,,,,,,,,standard
544,sdfsdfsdfs,sdfsskh,C0003,1,6.25,12.5,,,,,,,,,,,,,,,,,,standard
545,sdfsdfsdfs,sdfsskh,C0003,1,15,18,,,,,,,,,,,,,,,,,,standard
546,sdfsdfsdfs,sdfsskh,C0003,1,0,10,,,,,,,,,,,,,,,,,,standard
547,sdfsdfsdfs,sdfsskh,C0003,6,0,0.75,,,,,,,,,,,,,,,,,,standard
548,sdfsdfsdfs,sdfsskh,C0003,6,0,1.5,,,,,,,,,,,,,,,,,,standard
549,sdfsdfsdfs,sdfsskh,C0003,6,0,1.5,,,,,,,,,,,,,,,,,,standard
550,sdfsdfsdfs,sdfsskh,C0003,6,0,0.75,,,,,,,,,,,,,,,,,,standard
551,sdfsdfsdfs,sdfsskh,C0003,6,0.6,1,,,,,,,,,,,,,,,,,,standard
552,sdfsdfsdfs,sdfsskh,C0003,6,0,1,,,,,,,,,,,,,,,,,,standard
553,sdfsdfsdfs,sdfsskh,C0003,6,1.25,1.35,,,,,,,,,,,,,,,,,,standard
554,sdfsdfsdfs,sdfsskh,C0003,6,0,1.3,,,,,,,,,,,,,,,,,,standard
555,sdfsdfsdfs,sdfsskh,C0003,6,0,0.75,,,,,,,,,,,,,,,,,,standard
556,sdfsdfsdfs,sdfsskh,C0003,6,0,1.6,,,,,,,,,,,,,,,,,,standard
557,sdfsdfsdfs,sdfsskh,C0003,6,0,0.75,,,,,,,,,,,,,,,,,,standard
558,sdfsdfsdfs,sdfsskh,C0003,1,4,8.5,,,,,,,,,,,,,,,,,,standard
559,sdfsdfsdfs,sdfsskh,C0003,1,0,1.25,,,,,,,,,,,,,,,,,,standard
560,sdfsdfsdfs,sdfsskh,C0003,1,4.75,5,,,,,,,,,,,,,,,,,,standard
561,sdfsdfsdfs,sdfsskh,C0003,1,3.5,10,,,,,,,,,,,,,,,,,,standard
562,sdfsdfsdfs,sdfsskh,C0003,1,0,1.25,,,,,,,,,,,,,,,,,,standard
563,sdfsdfsdfs,sdfsskh,C0003,21,0,6,,,,,,,,,,,,,,,,,,standard
564,sdfsdfsdfs,sdfsskh,C0003,21,0,7,,,,,,,,,,,,,,,,,,standard
565,sdfsdfsdfs,sdfsskh,C0003,7,0,0.2,,,,,,,,,,,,,,,,,,standard
566,sdfsdfsdfs,sdfsskh,C0003,15,0.75,1,,,,,,,,,,,,,,,,,,standard
567,sdfsdfsdfs,sdfsskh,C0003,4,4.5,5,,,,,,,,,,,,,,,,,,standard
568,sdfsdfsdfs,sdfsskh,C0003,1,0.63,0.8,,,,,,,,,,,,,,,,,,standard
569,sdfsdfsdfs,sdfsskh,C0003,1,2.15,2.5,,,,,,,,,,,,,,,,,,standard
570,sdfsdfsdfs,sdfsskh,C0003,1,0.5,1,,,,,,,,,,,,,,,,,,standard
571,sdfsdfsdfs,sdfsskh,C0003,1,0.9,1,,,,,,,,,,,,,,,,,,standard
572,sdfsdfsdfs,sdfsskh,C0003,1,9.25,10,,,,,,,,,,,,,,,,,,standard
573,sdfsdfsdfs,sdfsskh,C0003,1,15,18,,,,,,,,,,,,,,,,,,standard
574,sdfsdfsdfs,sdfsskh,C0003,1,10,11,,,,,,,,,,,,,,,,,,standard
575,sdfsdfsdfs,sdfsskh,C0003,7,1.25,1.5,,,,,,,,,,,,,,,,,,standard
576,sdfsdfsdfs,sdfsskh,C0003,1,5,8,,,,,,,,,,,,,,,,,,standard
577,sdfsdfsdfs,sdfsskh,C0003,12,0.88,1,,,,,,,,,,,,,,,,,,standard
578,sdfsdfsdfs,sdfsskh,C0003,6,4.13,6,,,,,,,,,,,,,,,,,,standard
579,sdfsdfsdfs,sdfsskh,C0003,6,0.75,1.1,,,,,,,,,,,,,,,,,,standard
580,sdfsdfsdfs,sdfsskh,C0003,1,1.75,2.25,,,,,,,,,,,,,,,,,,standard
581,sdfsdfsdfs,sdfsskh,C0003,1,7.5,9,,,,,,,,,,,,,,,,,,standard
582,sdfsdfsdfs,sdfsskh,C0003,6,1.25,1.5,,,,,,,,,,,,,,,,,,standard
583,sdfsdfsdfs,sdfsskh,C0003,7,4.25,5,,,,,,,,,,,,,,,,,,standard
584,sdfsdfsdfs,sdfsskh,C0003,1,0,10,,,,,,,,,,,,,,,,,,standard
585,sdfsdfsdfs,sdfsskh,C0003,1,0,2.5,,,,,,,,,,,,,,,,,,standard
586,sdfsdfsdfs,sdfsskh,C0003,1,0,2,,,,,,,,,,,,,,,,,,standard
587,sdfsdfsdfs,sdfsskh,C0003,1,3.75,7,,,,,,,,,,,,,,,,,,standard
588,sdfsdfsdfs,sdfsskh,C0003,7,1.5,1.75,,,,,,,,,,,,,,,,,,standard
589,sdfsdfsdfs,sdfsskh,C0003,1,0,0.9,,,,,,,,,,,,,,,,,,standard
590,sdfsdfsdfs,sdfsskh,C0003,1,1,1,,,,,,,,,,,,,,,,,,standard
591,sdfsdfsdfs,sdfsskh,C0003,1,1.65,2,,,,,,,,,,,,,,,,,,standard
592,sdfsdfsdfs,sdfsskh,C0003,1,3,8,,,,,,,,,,,,,,,,,,standard
593,sdfsdfsdfs,sdfsskh,C0003,6,2.5,3,,,,,,,,,,,,,,,,,,standard
594,sdfsdfsdfs,sdfsskh,C0003,7,0,2,,,,,,,,,,,,,,,,,,standard
595,sdfsdfsdfs,sdfsskh,C0003,8,1.15,1.75,,,,,,,,,,,,,,,,,,standard
596,sdfsdfsdfs,sdfsskh,C0003,8,0,1.75,,,,,,,,,,,,,,,,,,standard
597,sdfsdfsdfs,sdfsskh,C0003,8,1.75,1.5,,,,,,,,,,,,,,,,,,standard
598,sdfsdfsdfs,sdfsskh,C0003,8,0,1.75,,,,,,,,,,,,,,,,,,standard
599,sdfsdfsdfs,sdfsskh,C0003,1,1.75,2.5,,,,,,,,,,,,,,,,,,standard
600,sdfsdfsdfs,sdfsskh,C0003,6,2.65,3.5,,,,,,,,,,,,,,,,,,standard
601,sdfsdfsdfs,sdfsskh,C0003,7,0,1.5,,,,,,,,,,,,,,,,,,standard
602,sdfsdfsdfs,sdfsskh,C0003,12,0,1,,,,,,,,,,,,,,,,,,standard
603,sdfsdfsdfs,sdfsskh,C0003,12,0,0.5,,,,,,,,,,,,,,,,,,standard
604,sdfsdfsdfs,sdfsskh,C0003,6,0.45,0.75,,,,,,,,,,,,,,,,,,standard
605,sdfsdfsdfs,sdfsskh,C0003,8,0,1.6,,,,,,,,,,,,,,,,,,standard
606,sdfsdfsdfs,sdfsskh,C0003,10,5.75,7,,,,,,,,,,,,,,,,,,standard
607,sdfsdfsdfs,sdfsskh,C0003,7,2.25,2.6,,,,,,,,,,,,,,,,,,standard
608,sdfsdfsdfs,sdfsskh,C0003,1,1.75,2.5,,,,,,,,,,,,,,,,,,standard
609,sdfsdfsdfs,sdfsskh,C0003,7,2.5,9,,,,,,,,,,,,,,,,,,standard
610,sdfsdfsdfs,sdfsskh,C0003,6,0,4.5,,,,,,,,,,,,,,,,,,standard
611,sdfsdfsdfs,sdfsskh,C0003,6,0,3.5,,,,,,,,,,,,,,,,,,standard
612,sdfsdfsdfs,sdfsskh,C0003,6,0,5.6,,,,,,,,,,,,,,,,,,standard
613,sdfsdfsdfs,sdfsskh,C0003,6,0,0.75,,,,,,,,,,,,,,,,,,standard
614,sdfsdfsdfs,sdfsskh,C0003,5,0,4,,,,,,,,,,,,,,,,,,standard
615,sdfsdfsdfs,sdfsskh,C0003,1,0,6.5,,,,,,,,,,,,,,,,,,standard
616,sdfsdfsdfs,sdfsskh,C0003,1,0,5,,,,,,,,,,,,,,,,,,standard
617,sdfsdfsdfs,sdfsskh,C0003,7,1.25,1.6,,,,,,,,,,,,,,,,,,standard
618,sdfsdfsdfs,sdfsskh,C0003,7,0.63,0.8,,,,,,,,,,,,,,,,,,standard
619,sdfsdfsdfs,sdfsskh,C0003,12,0,0.9,,,,,,,,,,,,,,,,,,standard
620,sdfsdfsdfs,sdfsskh,C0003,6,0,1.5,,,,,,,,,,,,,,,,,,standard
621,sdfsdfsdfs,sdfsskh,C0003,6,0.55,0.7,,,,,,,,,,,,,,,,,,standard
622,sdfsdfsdfs,sdfsskh,C0003,12,1.75,1.8,,,,,,,,,,,,,,,,,,standard
623,sdfsdfsdfs,sdfsskh,C0003,1,6.25,6,,,,,,,,,,,,,,,,,,standard
624,sdfsdfsdfs,sdfsskh,C0003,6,0.5,0.75,,,,,,,,,,,,,,,,,,standard
625,sdfsdfsdfs,sdfsskh,C0003,1,0.5,0.9,,,,,,,,,,,,,,,,,,standard
626,sdfsdfsdfs,sdfsskh,C0003,1,0,1,,,,,,,,,,,,,,,,,,standard
627,sdfsdfsdfs,sdfsskh,C0003,1,0,2,,,,,,,,,,,,,,,,,,standard
628,sdfsdfsdfs,sdfsskh,C0003,6,4.5,6,,,,,,,,,,,,,,,,,,standard
629,sdfsdfsdfs,sdfsskh,C0003,6,0,0.75,,,,,,,,,,,,,,,,,,standard
630,sdfsdfsdfs,sdfsskh,C0003,1,0,1,,,,,,,,,,,,,,,,,,standard
631,sdfsdfsdfs,sdfsskh,C0003,6,0,0.75,,,,,,,,,,,,,,,,,,standard
632,sdfsdfsdfs,sdfsskh,C0003,1,0,12.5,,,,,,,,,,,,,,,,,,standard
633,sdfsdfsdfs,sdfsskh,C0003,1,0,18.5,,,,,,,,,,,,,,,,,,standard
634,sdfsdfsdfs,sdfsskh,C0003,10,0.6,7,,,,,,,,,,,,,,,,,,standard
635,sdfsdfsdfs,sdfsskh,C0003,6,6.38,7.5,,,,,,,,,,,,,,,,,,standard
636,sdfsdfsdfs,sdfsskh,C0003,16,8.75,13,,,,,,,,,,,,,,,,,,standard
637,sdfsdfsdfs,sdfsskh,C0003,6,0.48,0.88,,,,,,,,,,,,,,,,,,standard
638,sdfsdfsdfs,sdfsskh,C0003,1,32,36.25,,,,,,,,,,,,,,,,,,standard
639,sdfsdfsdfs,sdfsskh,C0003,6,0,1.5,,,,,,,,,,,,,,,,,,standard
640,sdfsdfsdfs,sdfsskh,C0003,1,9.25,11,,,,,,,,,,,,,,,,,,standard
641,sdfsdfsdfs,sdfsskh,C0003,6,2.5,6,,,,,,,,,,,,,,,,,,standard
642,sdfsdfsdfs,sdfsskh,C0003,7,5.25,6.25,,,,,,,,,,,,,,,,,,standard
643,sdfsdfsdfs,sdfsskh,C0003,7,0.88,0.6,,,,,,,,,,,,,,,,,,standard
644,sdfsdfsdfs,sdfsskh,C0003,17,17.8,20,,,,,,,,,,,,,,,,,,standard
645,sdfsdfsdfs,sdfsskh,C0003,7,0,1.85,,,,,,,,,,,,,,,,,,standard
646,sdfsdfsdfs,sdfsskh,C0003,6,0,1.35,,,,,,,,,,,,,,,,,,standard
647,sdfsdfsdfs,sdfsskh,C0004,1,7.5,9,,,,,,,,,,,,,,,,,,standard
648,sdfsdfsdfs,sdfsskh,C0004,1,4.25,6,,,,,,,,,,,,,,,,,,standard
649,sdfsdfsdfs,sdfsskh,C0004,1,9.5,11,,,,,,,,,,,,,,,,,,standard
650,sdfsdfsdfs,sdfsskh,C0004,1,9,10.5,,,,,,,,,,,,,,,,,,standard
651,sdfsdfsdfs,sdfsskh,C0004,1,2.25,6,,,,,,,,,,,,,,,,,,standard
652,sdfsdfsdfs,sdfsskh,C0004,1,1.5,2.2,,,,,,,,,,,,,,,,,,standard
653,sdfsdfsdfs,sdfsskh,C0004,1,0,4,,,,,,,,,,,,,,,,,,standard
654,sdfsdfsdfs,sdfsskh,C0004,1,5,6,,,,,,,,,,,,,,,,,,standard
655,sdfsdfsdfs,sdfsskh,C0004,1,0,4.5,,,,,,,,,,,,,,,,,,standard
656,sdfsdfsdfs,sdfsskh,C0004,1,0,7.5,,,,,,,,,,,,,,,,,,standard
657,sdfsdfsdfs,sdfsskh,C0004,1,0,7.5,,,,,,,,,,,,,,,,,,standard
658,sdfsdfsdfs,sdfsskh,C0004,1,9.5,10.75,,,,,,,,,,,,,,,,,,standard
659,sdfsdfsdfs,sdfsskh,C0004,1,8.75,9.5,,,,,,,,,,,,,,,,,,standard
660,sdfsdfsdfs,sdfsskh,C0005,18,0,0.25,,,,,,,,,,,,,,,,,,standard
661,sdfsdfsdfs,sdfsskh,C0005,18,0.93,0.5,,,,,,,,,,,,,,,,,,standard
662,sdfsdfsdfs,sdfsskh,C0005,1,4,3.75,,,,,,,,,,,,,,,,,,standard
663,sdfsdfsdfs,sdfsskh,C0005,1,6.75,10,,,,,,,,,,,,,,,,,,standard
664,sdfsdfsdfs,sdfsskh,C0005,1,0,8.5,,,,,,,,,,,,,,,,,,standard
665,sdfsdfsdfs,sdfsskh,C0005,1,4.5,7.5,,,,,,,,,,,,,,,,,,standard
666,sdfsdfsdfs,sdfsskh,C0005,1,1.75,2.5,,,,,,,,,,,,,,,,,,standard
667,sdfsdfsdfs,sdfsskh,C0005,1,1.5,6,,,,,,,,,,,,,,,,,,standard
668,sdfsdfsdfs,sdfsskh,C0005,1,3.25,6.5,,,,,,,,,,,,,,,,,,standard
669,sdfsdfsdfs,sdfsskh,C0005,1,1.25,2,,,,,,,,,,,,,,,,,,standard
670,sdfsdfsdfs,sdfsskh,C0005,1,3.25,3.7,,,,,,,,,,,,,,,,,,standard
671,sdfsdfsdfs,sdfsskh,C0005,1,4.5,6,,,,,,,,,,,,,,,,,,standard
672,sdfsdfsdfs,sdfsskh,C0005,1,0,5.5,,,,,,,,,,,,,,,,,,standard
673,sdfsdfsdfs,sdfsskh,C0005,18,6.25,7.5,,,,,,,,,,,,,,,,,,standard
674,sdfsdfsdfs,sdfsskh,C0005,18,5.25,7,,,,,,,,,,,,,,,,,,standard
675,sdfsdfsdfs,sdfsskh,C0005,1,7.5,12,,,,,,,,,,,,,,,,,,standard
676,sdfsdfsdfs,sdfsskh,C0005,1,7.5,11.75,,,,,,,,,,,,,,,,,,standard
677,sdfsdfsdfs,sdfsskh,C0005,1,15,21,,,,,,,,,,,,,,,,,,standard
678,sdfsdfsdfs,sdfsskh,C0005,1,0,15,,,,,,,,,,,,,,,,,,standard
679,sdfsdfsdfs,sdfsskh,C0005,1,1.75,3,,,,,,,,,,,,,,,,,,standard
680,sdfsdfsdfs,sdfsskh,C0005,3,0.05,0.05,,,,,,,,,,,,,,,,,,standard
681,sdfsdfsdfs,sdfsskh,C0005,1,1.13,1.5,,,,,,,,,,,,,,,,,,standard
682,sdfsdfsdfs,sdfsskh,C0006,1,0.75,1.5,,,,,,,,,,,,,,,,,,standard
683,sdfsdfsdfs,sdfsskh,C0007,1,0,4.5,,,,,,,,,,,,,,,,,,standard
684,sdfsdfsdfs,sdfsskh,C0007,1,0,4,,,,,,,,,,,,,,,,,,standard
685,sdfsdfsdfs,sdfsskh,C0007,1,0,4,,,,,,,,,,,,,,,,,,standard
686,sdfsdfsdfs,sdfsskh,C0007,1,0,3.5,,,,,,,,,,,,,,,,,,standard
687,sdfsdfsdfs,sdfsskh,C0007,1,0,3.5,,,,,,,,,,,,,,,,,,standard
688,sdfsdfsdfs,sdfsskh,C0007,1,0,3.5,,,,,,,,,,,,,,,,,,standard
689,sdfsdfsdfs,sdfsskh,C0007,1,0,5,,,,,,,,,,,,,,,,,,standard
690,sdfsdfsdfs,sdfsskh,C0007,1,0,5,,,,,,,,,,,,,,,,,,standard
691,sdfsdfsdfs,sdfsskh,C0007,1,0,4.5,,,,,,,,,,,,,,,,,,standard
692,sdfsdfsdfs,sdfsskh,C0007,1,0,4.5,,,,,,,,,,,,,,,,,,standard
693,sdfsdfsdfs,sdfsskh,C0007,1,0,5,,,,,,,,,,,,,,,,,,standard
694,sdfsdfsdfs,sdfsskh,C0007,1,0,5,,,,,,,,,,,,,,,,,,standard
695,sdfsdfsdfs,sdfsskh,C0007,1,0,5,,,,,,,,,,,,,,,,,,standard
696,sdfsdfsdfs,sdfsskh,C0007,1,0,4.2,,,,,,,,,,,,,,,,,,standard
697,sdfsdfsdfs,sdfsskh,C0007,1,0,4.2,,,,,,,,,,,,,,,,,,standard
698,sdfsdfsdfs,sdfsskh,C0007,1,0,3.5,,,,,,,,,,,,,,,,,,standard
699,sdfsdfsdfs,sdfsskh,C0007,1,0,3.5,,,,,,,,,,,,,,,,,,standard
700,sdfsdfsdfs,sdfsskh,C0007,1,0,3.5,,,,,,,,,,,,,,,,,,standard
701,sdfsdfsdfs,sdfsskh,C0007,1,0,3.5,,,,,,,,,,,,,,,,,,standard
702,sdfsdfsdfs,sdfsskh,C0007,1,0,2,,,,,,,,,,,,,,,,,,standard
703,sdfsdfsdfs,sdfsskh,C0007,1,0,2.5,,,,,,,,,,,,,,,,,,standard
704,sdfsdfsdfs,sdfsskh,C0007,1,0,3,,,,,,,,,,,,,,,,,,standard
705,sdfsdfsdfs,sdfsskh,C0007,1,0,3,,,,,,,,,,,,,,,,,,standard
706,sdfsdfsdfs,sdfsskh,C0007,1,0,4.5,,,,,,,,,,,,,,,,,,standard
707,sdfsdfsdfs,sdfsskh,C0007,1,0,6,,,,,,,,,,,,,,,,,,standard
708,sdfsdfsdfs,sdfsskh,C0007,1,0,5.5,,,,,,,,,,,,,,,,,,standard
709,sdfsdfsdfs,sdfsskh,C0007,1,0,5.5,,,,,,,,,,,,,,,,,,standard
710,sdfsdfsdfs,sdfsskh,C0007,1,0,1,,,,,,,,,,,,,,,,,,standard
711,sdfsdfsdfs,sdfsskh,C0007,1,0,5.5,,,,,,,,,,,,,,,,,,standard
712,sdfsdfsdfs,sdfsskh,C0007,1,0,5,,,,,,,,,,,,,,,,,,standard
713,sdfsdfsdfs,sdfsskh,C0007,1,0,3.25,,,,,,,,,,,,,,,,,,standard
714,sdfsdfsdfs,sdfsskh,C0007,1,0,4.15,,,,,,,,,,,,,,,,,,standard
715,sdfsdfsdfs,sdfsskh,C0007,1,0,3.25,,,,,,,,,,,,,,,,,,standard
716,sdfsdfsdfs,sdfsskh,C0008,1,2.5,5,,,,,,,,,,,,,,,,,,standard
717,sdfsdfsdfs,sdfsskh,C0008,1,8,10,,,,,,,,,,,,,,,,,,standard
718,sdfsdfsdfs,sdfsskh,C0008,1,2.5,4.5,,,,,,,,,,,,,,,,,,standard
719,sdfsdfsdfs,sdfsskh,C0008,1,0,1.5,,,,,,,,,,,,,,,,,,standard
720,sdfsdfsdfs,sdfsskh,C0008,1,0,9,,,,,,,,,,,,,,,,,,standard
721,sdfsdfsdfs,sdfsskh,C0008,1,6.25,4.5,,,,,,,,,,,,,,,,,,standard
722,sdfsdfsdfs,sdfsskh,C0008,1,6.75,5,,,,,,,,,,,,,,,,,,standard
723,sdfsdfsdfs,sdfsskh,C0008,1,1.75,4,,,,,,,,,,,,,,,,,,standard
724,sdfsdfsdfs,sdfsskh,C0008,1,2,2.5,,,,,,,,,,,,,,,,,,standard
725,sdfsdfsdfs,sdfsskh,C0008,1,5,5,,,,,,,,,,,,,,,,,,standard
726,sdfsdfsdfs,sdfsskh,C0008,1,0,4,,,,,,,,,,,,,,,,,,standard
727,sdfsdfsdfs,sdfsskh,C0008,1,0,10,,,,,,,,,,,,,,,,,,standard
728,sdfsdfsdfs,sdfsskh,C0008,1,0,4,,,,,,,,,,,,,,,,,,standard
729,sdfsdfsdfs,sdfsskh,C0008,1,0,4,,,,,,,,,,,,,,,,,,standard
730,sdfsdfsdfs,sdfsskh,C0008,1,0,3.5,,,,,,,,,,,,,,,,,,standard
731,sdfsdfsdfs,sdfsskh,C0008,1,0,4.5,,,,,,,,,,,,,,,,,,standard
732,sdfsdfsdfs,sdfsskh,C0008,1,0,8,,,,,,,,,,,,,,,,,,standard
733,sdfsdfsdfs,sdfsskh,C0008,1,0,8,,,,,,,,,,,,,,,,,,standard
734,sdfsdfsdfs,sdfsskh,C0008,1,0,5,,,,,,,,,,,,,,,,,,standard
735,sdfsdfsdfs,sdfsskh,C0008,1,0,2.9,,,,,,,,,,,,,,,,,,standard
736,sdfsdfsdfs,sdfsskh,C0008,1,0,3,,,,,,,,,,,,,,,,,,standard
737,sdfsdfsdfs,sdfsskh,C0008,1,0,3.5,,,,,,,,,,,,,,,,,,standard
738,sdfsdfsdfs,sdfsskh,C0008,1,0,3.8,,,,,,,,,,,,,,,,,,standard
739,sdfsdfsdfs,sdfsskh,C0008,1,0,3.8,,,,,,,,,,,,,,,,,,standard
740,sdfsdfsdfs,sdfsskh,C0008,1,0,6,,,,,,,,,,,,,,,,,,standard
741,sdfsdfsdfs,sdfsskh,C0008,1,0,2.5,,,,,,,,,,,,,,,,,,standard
742,sdfsdfsdfs,sdfsskh,C0008,1,0,2,,,,,,,,,,,,,,,,,,standard
743,sdfsdfsdfs,sdfsskh,C0008,1,0,2.2,,,,,,,,,,,,,,,,,,standard
744,sdfsdfsdfs,sdfsskh,C0008,1,0,5.5,,,,,,,,,,,,,,,,,,standard
745,sdfsdfsdfs,sdfsskh,C0008,1,0,2.5,,,,,,,,,,,,,,,,,,standard
746,sdfsdfsdfs,sdfsskh,C0008,1,0,3.5,,,,,,,,,,,,,,,,,,standard
747,sdfsdfsdfs,sdfsskh,C0008,1,0,4.5,,,,,,,,,,,,,,,,,,standard
748,sdfsdfsdfs,sdfsskh,C0008,1,0,5,,,,,,,,,,,,,,,,,,standard
749,sdfsdfsdfs,sdfsskh,C0008,1,0,2.8,,,,,,,,,,,,,,,,,,standard
750,sdfsdfsdfs,sdfsskh,C0008,1,0,3,,,,,,,,,,,,,,,,,,standard
751,sdfsdfsdfs,sdfsskh,C0008,1,0,2.8,,,,,,,,,,,,,,,,,,standard
752,sdfsdfsdfs,sdfsskh,C0008,1,0,3.5,,,,,,,,,,,,,,,,,,standard
753,sdfsdfsdfs,sdfsskh,C0008,1,0,3.5,,,,,,,,,,,,,,,,,,standard
754,sdfsdfsdfs,sdfsskh,C0008,1,0,4,,,,,,,,,,,,,,,,,,standard
755,sdfsdfsdfs,sdfsskh,C0009,1,0,1.7,,,,,,,,,,,,,,,,,,standard
756,sdfsdfsdfs,sdfsskh,C0009,1,0,3.8,,,,,,,,,,,,,,,,,,standard
757,sdfsdfsdfs,sdfsskh,C0009,1,0,3.25,,,,,,,,,,,,,,,,,,standard
758,sdfsdfsdfs,sdfsskh,C0009,1,0,3.5,,,,,,,,,,,,,,,,,,standard
759,sdfsdfsdfs,sdfsskh,C0009,1,0,3.75,,,,,,,,,,,,,,,,,,standard
760,sdfsdfsdfs,sdfsskh,C0009,1,0,3.7,,,,,,,,,,,,,,,,,,standard
761,sdfsdfsdfs,sdfsskh,C0009,1,0,3,,,,,,,,,,,,,,,,,,standard
762,sdfsdfsdfs,sdfsskh,C0009,1,0,1,,,,,,,,,,,,,,,,,,standard
763,sdfsdfsdfs,sdfsskh,C0009,1,0,1.5,,,,,,,,,,,,,,,,,,standard
764,sdfsdfsdfs,sdfsskh,C0009,1,0,3,,,,,,,,,,,,,,,,,,standard
765,sdfsdfsdfs,sdfsskh,C0009,1,0,9,,,,,,,,,,,,,,,,,,standard
766,sdfsdfsdfs,sdfsskh,C0009,1,0,1.5,,,,,,,,,,,,,,,,,,standard
767,sdfsdfsdfs,sdfsskh,C0009,1,0,4.25,,,,,,,,,,,,,,,,,,standard
768,sdfsdfsdfs,sdfsskh,C0009,20,0,4,,,,,,,,,,,,,,,,,,standard
769,sdfsdfsdfs,sdfsskh,C0009,1,0,5,,,,,,,,,,,,,,,,,,standard
770,sdfsdfsdfs,sdfsskh,C0009,1,0,5,,,,,,,,,,,,,,,,,,standard
771,sdfsdfsdfs,sdfsskh,C0009,3,0,0.15,,,,,,,,,,,,,,,,,,standard
772,sdfsdfsdfs,sdfsskh,C0009,3,0,0.2,,,,,,,,,,,,,,,,,,standard
773,sdfsdfsdfs,sdfsskh,C0009,3,0,0.3,,,,,,,,,,,,,,,,,,standard
774,sdfsdfsdfs,sdfsskh,C0009,1,0,3.7,,,,,,,,,,,,,,,,,,standard
775,sdfsdfsdfs,sdfsskh,C0009,1,0,20,,,,,,,,,,,,,,,,,,standard
776,sdfsdfsdfs,sdfsskh,C0009,8,0,1.75,,,,,,,,,,,,,,,,,,standard
777,sdfsdfsdfs,sdfsskh,C0009,8,0,0.5,,,,,,,,,,,,,,,,,,standard
778,sdfsdfsdfs,sdfsskh,C0009,10,0,2.5,,,,,,,,,,,,,,,,,,standard
779,sdfsdfsdfs,sdfsskh,C0010,6,0,1.5,,,,,,,,,,,,,,,,,,standard
780,sdfsdfsdfs,sdfsskh,C0010,1,0,0.65,,,,,,,,,,,,,,,,,,standard
781,sdfsdfsdfs,sdfsskh,C0010,4,0,7,,,,,,,,,,,,,,,,,,standard
782,sdfsdfsdfs,sdfsskh,C0010,1,0,2,,,,,,,,,,,,,,,,,,standard
783,sdfsdfsdfs,sdfsskh,C0010,1,0,3,,,,,,,,,,,,,,,,,,standard
784,sdfsdfsdfs,sdfsskh,C0010,1,0,1,,,,,,,,,,,,,,,,,,standard
785,sdfsdfsdfs,sdfsskh,C0010,12,0,0.25,,,,,,,,,,,,,,,,,,standard
786,sdfsdfsdfs,sdfsskh,C0010,9,0.88,0.87,,,,,,,,,,,,,,,,,,standard
787,sdfsdfsdfs,sdfsskh,C0010,14,0.25,0.15,,,,,,,,,,,,,,,,,,standard
788,sdfsdfsdfs,sdfsskh,C0010,8,0.75,0.7,,,,,,,,,,,,,,,,,,standard
789,sdfsdfsdfs,sdfsskh,C0010,4,0,1.25,,,,,,,,,,,,,,,,,,standard
790,sdfsdfsdfs,sdfsskh,C0010,8,0,2,,,,,,,,,,,,,,,,,,standard
791,sdfsdfsdfs,sdfsskh,C0010,15,0,2,,,,,,,,,,,,,,,,,,standard
792,sdfsdfsdfs,sdfsskh,C0010,14,0,1.75,,,,,,,,,,,,,,,,,,standard
793,sdfsdfsdfs,sdfsskh,C0010,14,0,2.5,,,,,,,,,,,,,,,,,,standard
794,sdfsdfsdfs,sdfsskh,C0010,14,0,1.75,,,,,,,,,,,,,,,,,,standard
795,sdfsdfsdfs,sdfsskh,C0010,8,0,1.5,,,,,,,,,,,,,,,,,,standard
796,sdfsdfsdfs,sdfsskh,C0010,1,0,3.5,,,,,,,,,,,,,,,,,,standard
797,sdfsdfsdfs,sdfsskh,C0010,14,0,5,,,,,,,,,,,,,,,,,,standard
798,sdfsdfsdfs,sdfsskh,C0010,14,0,6.5,,,,,,,,,,,,,,,,,,standard
799,sdfsdfsdfs,sdfsskh,C0010,14,0,1.75,,,,,,,,,,,,,,,,,,standard
800,sdfsdfsdfs,sdfsskh,C0010,8,0,0.5,,,,,,,,,,,,,,,,,,standard
801,sdfsdfsdfs,sdfsskh,C0010,1,0,4,,,,,,,,,,,,,,,,,,standard
802,sdfsdfsdfs,sdfsskh,C0010,4,0,0.3,,,,,,,,,,,,,,,,,,standard
803,sdfsdfsdfs,sdfsskh,C0010,1,0,5,,,,,,,,,,,,,,,,,,standard
804,sdfsdfsdfs,sdfsskh,C0010,1,0,0.5,,,,,,,,,,,,,,,,,,standard
805,sdfsdfsdfs,sdfsskh,C0010,14,0,1.25,,,,,,,,,,,,,,,,,,standard
806,sdfsdfsdfs,sdfsskh,C0010,14,0,2,,,,,,,,,,,,,,,,,,standard
807,sdfsdfsdfs,sdfsskh,C0010,4,0,1.25,,,,,,,,,,,,,,,,,,standard
808,sdfsdfsdfs,sdfsskh,C0010,4,0,4,,,,,,,,,,,,,,,,,,standard
809,sdfsdfsdfs,sdfsskh,C0010,14,0,0.63,,,,,,,,,,,,,,,,,,standard
810,sdfsdfsdfs,sdfsskh,C0010,1,0,4.75,,,,,,,,,,,,,,,,,,standard
811,sdfsdfsdfs,sdfsskh,C0010,14,0,2.5,,,,,,,,,,,,,,,,,,standard
812,sdfsdfsdfs,sdfsskh,C0010,14,0,2.5,,,,,,,,,,,,,,,,,,standard
813,sdfsdfsdfs,sdfsskh,C0010,12,0,0.3,,,,,,,,,,,,,,,,,,standard
814,sdfsdfsdfs,sdfsskh,C0010,1,0,3.75,,,,,,,,,,,,,,,,,,standard
815,sdfsdfsdfs,sdfsskh,C0010,14,0,2,,,,,,,,,,,,,,,,,,standard
816,sdfsdfsdfs,sdfsskh,C0010,14,0,0.75,,,,,,,,,,,,,,,,,,standard
817,sdfsdfsdfs,sdfsskh,C0010,14,0,4,,,,,,,,,,,,,,,,,,standard
818,sdfsdfsdfs,sdfsskh,C0010,14,0,0.85,,,,,,,,,,,,,,,,,,standard
819,sdfsdfsdfs,sdfsskh,C0010,1,0,1,,,,,,,,,,,,,,,,,,standard
820,sdfsdfsdfs,sdfsskh,C0010,14,0,0.4,,,,,,,,,,,,,,,,,,standard
821,sdfsdfsdfs,sdfsskh,C0010,14,0,4,,,,,,,,,,,,,,,,,,standard
822,sdfsdfsdfs,sdfsskh,C0010,8,0,0.75,,,,,,,,,,,,,,,,,,standard
823,sdfsdfsdfs,sdfsskh,C0010,14,0,3.25,,,,,,,,,,,,,,,,,,standard
824,sdfsdfsdfs,sdfsskh,C0010,14,0,1,,,,,,,,,,,,,,,,,,standard
825,sdfsdfsdfs,sdfsskh,C0010,14,0,75,,,,,,,,,,,,,,,,,,standard
826,sdfsdfsdfs,sdfsskh,C0010,14,0,0.75,,,,,,,,,,,,,,,,,,standard
827,sdfsdfsdfs,sdfsskh,C0010,7,0,4,,,,,,,,,,,,,,,,,,standard
828,sdfsdfsdfs,sdfsskh,C0010,14,0,2,,,,,,,,,,,,,,,,,,standard
829,sdfsdfsdfs,sdfsskh,C0010,10,0,0.7,,,,,,,,,,,,,,,,,,standard
830,sdfsdfsdfs,sdfsskh,C0010,14,0,3.75,,,,,,,,,,,,,,,,,,standard
831,sdfsdfsdfs,sdfsskh,C0010,14,0,1.75,,,,,,,,,,,,,,,,,,standard
832,sdfsdfsdfs,sdfsskh,C0010,14,0,3,,,,,,,,,,,,,,,,,,standard
833,sdfsdfsdfs,sdfsskh,C0010,14,0,3,,,,,,,,,,,,,,,,,,standard
834,sdfsdfsdfs,sdfsskh,C0010,14,0,3.5,,,,,,,,,,,,,,,,,,standard
835,sdfsdfsdfs,sdfsskh,C0010,15,0,3,,,,,,,,,,,,,,,,,,standard
836,sdfsdfsdfs,sdfsskh,C0010,4,0,11.25,,,,,,,,,,,,,,,,,,standard
837,sdfsdfsdfs,sdfsskh,C0010,14,0,1.25,,,,,,,,,,,,,,,,,,standard
838,sdfsdfsdfs,sdfsskh,C0010,14,0,1,,,,,,,,,,,,,,,,,,standard
839,sdfsdfsdfs,sdfsskh,C0010,8,0,0.5,,,,,,,,,,,,,,,,,,standard
840,sdfsdfsdfs,sdfsskh,C0010,22,0,0.04,,,,,,,,,,,,,,,,,,standard
841,sdfsdfsdfs,sdfsskh,C0010,22,0,0.06,,,,,,,,,,,,,,,,,,standard
842,sdfsdfsdfs,sdfsskh,C0010,22,0,0.06,,,,,,,,,,,,,,,,,,standard
843,sdfsdfsdfs,sdfsskh,C0010,4,0,0.65,,,,,,,,,,,,,,,,,,standard
844,sdfsdfsdfs,sdfsskh,C0010,7,0,0.3,,,,,,,,,,,,,,,,,,standard
845,sdfsdfsdfs,sdfsskh,C0010,8,0,3.75,,,,,,,,,,,,,,,,,,standard
846,sdfsdfsdfs,sdfsskh,C0010,7,0,1.75,,,,,,,,,,,,,,,,,,standard
847,sdfsdfsdfs,sdfsskh,C0010,14,0,1.25,,,,,,,,,,,,,,,,,,standard
848,sdfsdfsdfs,sdfsskh,C0010,8,0,1.25,,,,,,,,,,,,,,,,,,standard
849,sdfsdfsdfs,sdfsskh,C0010,4,0,0.04,,,,,,,,,,,,,,,,,,standard
850,sdfsdfsdfs,sdfsskh,C0010,8,0,1.1,,,,,,,,,,,,,,,,,,standard
851,sdfsdfsdfs,sdfsskh,C0010,1,0,1,,,,,,,,,,,,,,,,,,standard
852,sdfsdfsdfs,sdfsskh,C0010,1,0,8.5,,,,,,,,,,,,,,,,,,standard
853,sdfsdfsdfs,sdfsskh,C0010,1,0,10,,,,,,,,,,,,,,,,,,standard
854,sdfsdfsdfs,sdfsskh,C0010,1,0,9,,,,,,,,,,,,,,,,,,standard
855,sdfsdfsdfs,sdfsskh,C0012,1,0,9,,,,,,,,,,,,,,,,,,standard
856,sdfsdfsdfs,sdfsskh,C0012,1,0,14.5,,,,,,,,,,,,,,,,,,standard
857,sdfsdfsdfs,sdfsskh,C0012,3,0,0.11,,,,,,,,,,,,,,,,,,standard
